Request,Average messages
12288,3.57
10241,4.4
8194,5.13
4099,5.5
4104,2.0
4842,4.2
28683,4.0
16400,3.88
32088,6.25
8210,5.29
4115,4.43
16046,4.11
24598,4.78
31065,5.0
2075,4.8
26654,3.89
16415,4.0
26656,4.0
10275,3.89
12324,2.13
8229,4.5
2086,4.8
18474,3.56
22575,3.2
30768,4.11
17596,4.57
30773,4.0
30776,3.2
20538,3.43
18492,4.5
62,4.11
18495,6.33
26688,3.25
17419,3.13
22600,4.0
16983,6.75
5815,3.83
10322,5.25
30804,5.2
22614,3.4
10329,4.75
24667,4.57
10333,5.0
24672,3.88
30817,3.67
98,3.14
9005,5.0
4199,4.33
28776,4.0
12393,4.89
2154,4.71
24683,4.13
18540,4.75
110,3.56
14447,4.0
115,3.78
28789,4.14
18550,5.63
4215,4.17
26744,3.6
25509,4.75
6268,5.33
30846,4.25
2175,4.63
6273,5.22
6274,5.0
24711,4.0
6280,4.5
24715,4.13
8332,3.29
19986,3.0
6301,5.5
22688,3.75
9689,3.75
163,7.0
6311,5.0
20648,3.67
2217,5.0
4267,4.0
30892,5.0
22702,4.0
175,3.5
2225,4.67
22706,3.3
28019,6.0
16566,5.29
6328,4.67
24761,3.67
31779,4.22
1515,7.0
15733,3.5
4288,4.57
28512,4.88
14531,3.86
8390,3.33
11980,4.0
10444,5.33
22733,5.56
16591,3.25
14544,4.67
30929,5.0
22563,3.46
8405,4.83
2262,1.67
8407,4.29
220,4.6
14557,4.6
22751,5.22
25329,4.67
14561,3.75
6370,5.0
10467,4.33
22171,5.63
4031,4.2
30951,4.57
14570,4.5
20717,6.0
21592,4.13
20719,4.78
26866,4.0
17107,3.43
30966,4.67
16634,4.33
30971,5.33
20732,4.5
26877,3.33
2305,3.43
16643,4.33
4358,2.5
8455,4.56
8456,4.0
30986,5.6
17876,3.44
8461,4.38
28942,3.29
30253,4.0
19922,5.33
30993,4.83
18819,5.0
4374,5.0
18712,4.25
24857,3.75
16666,3.83
27013,5.0
16676,4.75
20776,4.29
10921,2.33
8490,3.5
23270,4.0
8493,3.67
4398,4.57
20784,4.43
26929,4.67
16690,4.5
2357,3.71
28041,5.83
12831,4.56
22844,4.83
14653,4.44
31039,4.86
10563,4.0
326,3.0
12615,5.17
2378,3.43
2379,4.0
4834,4.33
8529,5.0
18770,4.0
14675,4.0
4437,4.6
26967,5.0
14680,4.22
22244,5.2
8540,4.5
353,4.67
18786,3.86
356,2.75
22885,6.33
6204,5.67
31082,4.78
22891,5.14
10604,4.88
6546,3.0
26992,4.67
13374,4.33
23975,5.0
7913,4.33
8569,3.71
6524,3.63
29418,4.67
12015,4.0
27010,4.67
18155,4.5
5526,4.5
25518,4.33
14728,5.2
24971,4.56
12684,4.0
24973,5.13
16782,3.57
16783,4.0
18832,5.44
31121,4.14
24978,5.0
12691,3.67
10645,5.0
10650,5.0
29423,4.33
2460,5.67
31130,5.22
20895,3.29
3969,3.67
16795,3.75
16805,4.14
7720,3.11
2472,3.25
27050,3.86
12717,3.6
5192,4.0
4530,3.75
14771,4.0
436,4.0
12725,3.67
438,4.0
31159,4.0
29113,7.2
16826,3.67
4652,4.63
75,3.5
8645,5.22
22982,5.0
20938,3.0
23287,4.0
22988,4.4
14801,4.0
2515,3.5
26361,4.0
2521,4.29
20954,3.75
13733,4.5
14816,3.5
12769,3.5
10722,4.17
25062,4.67
423,4.83
29167,5.14
2544,3.75
10738,5.5
21587,4.0
18932,4.33
23029,4.33
25590,4.5
20988,3.5
8701,5.14
23041,4.0
514,3.25
18949,4.5
20998,3.14
6663,4.88
27145,4.0
23053,4.0
18959,4.44
5208,4.25
27155,5.0
11694,3.75
6681,4.56
27165,4.33
18975,5.44
2592,4.71
19888,4.0
18984,5.2
27179,3.71
8748,5.0
31154,3.56
2608,4.0
2483,4.71
29236,3.67
6712,3.5
6580,5.29
10813,5.0
15704,3.5
27201,4.11
27203,3.29
29255,5.33
14920,3.71
2633,4.56
31307,3.89
4687,4.5
12880,4.25
23992,4.5
6738,3.89
25171,3.83
597,3.71
19897,4.0
8794,4.4
5903,5.2
5221,3.44
608,3.44
27234,3.5
613,2.17
21094,7.0
6760,2.88
31338,4.67
619,4.33
10860,4.88
21266,5.63
19901,4.0
31346,3.56
19219,2.67
4725,5.14
27254,3.0
3177,5.67
632,5.5
638,4.78
14977,4.0
642,3.57
31366,4.5
17031,5.5
21130,4.33
21132,5.0
2701,5.0
12942,4.86
1133,3.44
6800,3.33
24459,5.5
21141,3.78
8985,4.0
24095,4.67
15010,2.83
26395,3.67
678,4.5
15017,4.5
23215,3.88
8880,4.88
15027,4.43
17077,4.8
31414,4.44
4795,3.22
23941,2.0
17089,5.0
2758,4.63
13000,4.6
25291,4.5
19148,2.0
15053,3.67
2766,4.5
31439,4.0
25296,4.33
2770,4.56
23251,3.75
25301,3.25
21206,5.0
23255,4.56
31840,4.0
27353,3.29
15070,3.5
29408,3.88
23266,4.56
23269,3.8
29414,3.11
15080,4.2
1148,3.8
13221,5.5
6893,4.17
23273,4.33
23279,4.0
23281,5.17
8947,4.33
21239,5.57
29433,2.67
12074,5.5
19200,4.5
770,3.78
4869,3.86
25350,2.0
3299,2.0
2826,2.71
11019,5.88
17164,4.38
19214,4.0
6927,4.56
19218,6.0
4883,3.86
29460,5.0
21269,5.17
21235,4.8
6937,3.89
19226,4.67
20271,3.86
19228,5.0
6942,3.38
22190,6.14
13090,4.67
11043,3.0
13093,4.67
17190,3.5
15153,3.33
6952,2.14
15149,5.33
31534,3.43
14472,3.8
17202,3.33
19251,4.88
11060,4.86
21302,4.83
27452,5.14
31882,4.0
23361,4.17
139,6.0
25413,4.67
6982,4.0
27463,4.75
29512,4.71
96,2.4
25419,5.0
19276,4.25
847,5.38
852,4.67
6997,5.13
22329,4.44
23384,4.88
31603,3.5
2911,1.5
17248,4.0
4961,3.22
4963,3.5
6030,6.0
31591,3.0
11116,4.5
878,3.0
17263,3.29
17265,3.63
2931,2.67
25460,4.25
22334,4.71
25462,4.75
11134,3.63
7039,5.14
7042,5.0
26091,5.25
25477,4.13
25478,4.5
11146,4.83
25483,4.56
910,4.13
15250,2.75
9110,4.0
21401,6.0
18927,5.5
23458,4.0
19363,5.67
13220,4.22
13126,5.0
7078,5.0
1521,6.0
29609,5.11
27563,4.71
5037,4.8
15278,2.8
10397,4.25
9137,3.67
11186,4.0
950,5.0
25417,4.0
32167,4.5
11195,4.75
5962,4.2
31526,4.33
25535,4.6
6304,4.78
5058,4.17
27583,4.86
7110,4.63
13255,5.0
13258,4.86
13259,4.6
13272,5.0
21469,4.0
11232,4.33
993,3.25
17380,2.0
21478,4.5
13604,4.86
11244,4.44
7149,4.6
19443,5.2
31734,6.11
32563,3.67
13306,4.67
7163,4.56
9213,4.5
21502,4.89
11267,4.63
7173,4.5
25606,4.29
3082,2.0
21515,4.57
3089,2.89
3308,4.33
23574,5.57
17433,3.11
29722,3.63
15387,2.67
31772,5.75
1053,4.0
12805,5.25
13346,4.0
27683,4.62
25637,3.75
31785,6.0
29738,3.5
15404,2.83
13358,3.14
7688,4.75
9395,3.33
26291,6.0
3923,5.0
5179,2.63
25661,4.5
9278,5.11
21569,3.86
5643,4.33
13383,4.0
3144,4.33
15436,3.0
19534,4.38
5202,3.33
3155,5.67
15445,2.8
4281,4.14
11352,4.0
13401,5.0
1114,3.67
7262,3.0
19552,4.6
3172,4.71
1125,3.0
3174,5.43
23656,5.0
15548,3.83
20327,5.5
27757,5.13
7281,4.14
15474,3.75
21625,4.8
13434,4.8
21627,4.89
9340,4.78
5246,4.0
25730,6.0
5251,4.6
29828,5.57
31877,4.0
26817,4.0
5257,3.4
21642,3.5
15499,2.77
25740,4.38
30573,4.6
1168,4.56
1175,5.33
13464,4.5
879,4.25
17564,3.8
11423,4.67
7328,5.13
5284,3.56
13477,3.5
17580,4.0
1198,5.33
9392,6.0
7346,5.44
4979,3.56
9398,4.33
31927,5.13
25784,4.5
23737,4.43
3258,4.29
7711,4.0
21692,4.33
27838,3.5
31615,6.0
15556,3.56
10102,3.75
5320,3.67
19660,3.75
7371,4.25
27852,3.71
23758,4.0
18637,4.8
31959,4.0
10251,3.83
13534,4.33
23779,4.8
1319,5.22
23136,4.29
19687,4.33
11496,4.8
23785,4.67
25835,4.67
17644,3.83
29933,3.38
11503,5.71
17648,3.88
24104,4.0
7412,6.0
12158,6.14
15607,3.57
23800,5.0
28543,4.33
9469,4.22
15617,3.33
7426,5.33
15915,4.0
9476,4.57
18646,4.25
5382,4.0
29959,4.33
9480,4.25
13577,4.25
7436,4.67
10886,4.2
5677,3.78
15632,3.38
27921,5.67
25475,4.0
15636,3.14
9497,4.33
1306,5.13
4997,5.0
9506,4.5
17699,5.25
15652,3.33
5414,4.0
13607,4.29
5416,5.0
27945,6.13
17706,2.0
12168,5.2
9522,4.4
9523,4.5
13623,5.44
23640,5.2
17721,4.5
11579,5.0
21822,4.78
5441,5.29
9538,4.6
21387,4.56
19782,4.33
13640,4.5
23883,4.75
5452,4.67
7674,5.0
32078,5.86
23887,4.5
11601,5.5
1362,4.6
1363,5.5
12174,4.67
3415,4.75
7512,4.13
3387,4.0
1372,4.5
32094,5.6
22141,5.0
23904,5.0
17764,4.33
1381,8.0
23912,5.0
25962,3.8
2962,3.29
13678,4.44
1395,5.33
7541,4.56
9592,4.33
26302,5.0
15745,3.5
28037,6.17
8769,5.0
23944,4.8
17801,4.13
9611,5.25
3468,3.5
17806,4.0
11664,4.63
26001,5.0
15766,3.5
3481,3.44
26863,4.0
32157,4.75
11679,3.25
31827,6.0
11033,5.43
11685,3.56
17831,4.06
32171,3.67
21934,3.25
26781,5.0
5553,4.33
26037,4.33
21942,5.17
11703,3.88
17848,3.78
9460,5.0
13754,3.78
3515,4.83
26045,4.0
3521,3.75
21959,3.5
22092,5.0
28109,3.6
28114,4.0
9123,4.17
32212,4.67
9124,3.8
30172,1.0
22778,5.33
2981,3.22
24032,4.33
28130,2.67
3323,5.0
9700,5.0
19895,3.67
24038,4.44
11755,4.22
17902,2.75
22000,5.13
15857,3.43
1522,4.0
18003,5.0
1524,4.75
17911,3.67
22009,5.33
32250,3.0
25173,3.6
7680,4.25
13825,4.0
13826,4.57
22022,4.71
11783,4.29
5640,4.43
3593,4.5
19979,5.0
1548,5.8
28173,3.89
22215,5.14
28175,4.0
22033,4.67
26130,4.75
15893,5.0
11799,4.57
22045,4.67
30239,5.0
1569,6.0
11810,4.33
32293,4.38
26150,4.4
26152,4.0
1578,5.5
15601,3.67
15917,5.0
24110,4.5
26159,4.5
25626,2.4
28595,4.43
7732,3.75
5385,6.0
5689,4.44
12554,4.0
1600,4.75
11841,3.67
7749,4.83
32327,5.11
3340,5.33
9802,4.17
23479,4.4
24140,4.88
5710,3.83
11855,5.0
24147,3.67
3670,4.0
13911,4.0
32344,4.8
18018,3.17
26212,5.4
26214,4.67
20072,3.8
30314,3.44
19389,4.89
32368,4.11
32360,5.0
30324,3.56
26229,3.83
7799,5.0
20088,3.0
32379,5.0
30332,4.5
15978,4.67
22151,5.67
28296,5.57
13963,4.0
26252,4.78
32401,4.63
32405,5.17
28311,5.67
8815,2.8
30466,4.0
3398,3.56
19399,5.0
3757,5.13
9902,3.6
7856,4.22
7857,3.75
20146,5.29
28339,4.17
5813,4.6
20151,5.67
18104,4.67
11173,3.89
27594,4.75
7870,4.57
9919,5.0
32448,5.0
14018,4.56
17355,4.33
24263,4.8
7883,3.67
28364,3.0
3790,3.89
3791,5.43
32467,5.29
21949,4.56
9947,4.86
3804,5.5
1760,5.38
14050,6.5
3812,4.17
24294,5.33
3817,3.57
32039,4.63
9966,5.0
26351,5.56
30451,4.0
22263,5.11
1785,4.0
18170,4.83
24315,4.13
22272,4.67
16129,5.33
20226,4.75
18182,5.11
5896,4.8
1803,4.5
32526,2.67
24335,3.25
24336,3.0
9176,4.33
10002,3.67
20244,3.5
16150,5.5
22295,6.6
18203,4.75
14967,4.0
3877,4.0
27953,6.33
18216,4.25
22492,2.0
3882,4.8
24363,5.0
14124,5.11
5426,4.13
1839,4.83
20272,3.25
1766,5.44
16179,5.33
7988,3.0
3894,4.22
7992,4.0
14137,6.0
13155,5.0
1854,5.33
10049,3.5
24387,5.0
16197,5.56
5959,3.4
10058,3.75
32055,5.5
16204,5.4
5965,4.67
12111,5.6
14160,3.78
6456,2.83
22354,4.5
1875,4.44
20309,5.0
32600,5.5
26459,3.0
8032,3.78
10083,5.2
20325,4.4
8039,4.43
8042,4.33
16237,4.5
1902,4.0
14197,4.0
24438,5.57
17317,3.5
30586,5.0
28650,4.17
30590,4.71
22399,3.4
12161,5.33
26503,3.75
20360,4.29
28554,4.71
30603,4.0
1346,3.0
18318,7.0
26456,3.75
23240,4.71
8930,4.67
14237,3.67
12190,5.88
22435,3.56
30628,3.5
6053,4.11
26537,4.67
31047,4.6
18348,4.6
10161,4.5
4019,4.78
8119,2.5
10168,3.38
16318,3.17
16319,4.0
24515,4.57
9206,4.33
26615,3.44
674,4.33
22478,3.0
1357,3.57
6101,5.33
18391,3.11
17062,5.88
25594,5.22
32741,5.0
18409,4.13
18410,4.89
20459,3.2
14316,5.0
30701,4.33
10226,4.22
22515,2.56
29694,5.25
28663,4.5
14330,2.0
16380,3.44
30717,4.38
32766,4.29
16725,3.43
14336,4.38
6148,4.67
10245,4.11
12294,4.5
14343,4.0
4106,4.43
8203,4.78
12302,5.5
30735,5.5
20499,6.0
32430,5.0
10263,6.5
24,3.0
8217,4.5
24602,3.5
10927,5.56
6174,3.89
22559,5.0
13981,4.0
18465,4.33
26658,4.5
16421,4.14
19121,4.44
8233,4.33
28718,4.43
22579,4.0
4148,4.0
14394,4.88
18495,4.86
14401,3.25
20547,4.5
18503,4.5
16460,4.0
18511,4.63
6840,4.0
14418,4.5
10595,5.5
22612,3.0
22613,3.67
8279,4.43
22618,4.33
16399,4.17
7525,6.0
8289,5.67
26725,4.75
14441,4.5
8298,4.0
26092,4.0
7186,5.0
25277,3.8
12402,4.0
12407,5.0
28987,4.14
30843,4.44
29034,5.25
6271,5.43
2177,4.2
16516,4.14
29192,5.0
14471,4.2
16521,3.45
140,4.11
30861,3.67
14479,5.2
4240,6.33
145,5.33
16530,4.5
12435,5.38
24724,7.0
30761,5.2
18582,4.67
12313,2.0
13338,4.17
30879,3.71
30064,4.5
28699,4.0
20644,4.44
4263,4.57
10408,3.8
10413,4.25
8366,5.86
18609,4.2
2870,7.0
31785,3.0
4278,5.6
12473,3.8
8379,4.5
24773,5.0
10440,4.67
19831,2.0
12493,4.0
6351,3.75
20689,6.4
18643,5.17
12502,3.71
30695,4.75
2269,3.0
225,4.0
17787,4.67
8422,4.67
4327,4.0
4329,4.78
39,3.83
28908,4.89
18813,6.0
16626,5.14
14581,5.0
16631,7.0
30969,4.0
251,4.0
3077,4.5
26877,4.67
20734,4.5
22785,4.22
26884,4.71
22789,3.78
14599,3.44
24841,3.43
28034,4.0
272,4.25
4369,5.25
275,3.67
16661,4.13
26903,4.5
18714,4.43
8602,4.67
20768,4.0
6433,3.56
22818,4.0
294,4.25
10537,5.67
14637,3.78
4398,3.86
22832,4.44
4401,3.75
11315,4.4
23604,3.5
31455,3.6
2367,4.67
4417,4.0
23263,3.71
18755,4.0
24289,3.0
6472,3.5
8523,5.86
28994,3.56
2383,4.29
10577,4.4
26962,5.33
14675,4.17
14677,4.29
12633,4.0
20830,3.83
31073,3.67
18787,4.0
356,3.86
26982,2.0
24938,4.57
10604,3.75
20846,3.57
18802,4.5
31094,3.75
375,3.88
23956,4.2
29050,4.0
14716,4.6
4477,4.33
8196,4.25
31105,5.0
12011,5.8
8580,6.0
9964,5.67
18840,4.63
24643,4.0
406,4.22
12696,4.22
10650,4.33
413,4.43
24993,5.0
24995,4.4
2468,3.5
12712,4.0
21973,4.2
26695,4.67
31149,3.38
14766,4.75
12719,4.5
432,4.33
21576,5.11
18867,4.25
436,4.17
18869,3.6
31158,2.75
18877,5.0
29119,4.71
21255,4.4
20214,4.38
31137,4.63
29128,5.22
26700,5.0
4556,4.5
20941,3.13
29134,4.5
10703,4.63
464,4.17
21240,5.0
12707,4.0
27094,4.25
9977,5.5
20952,2.86
27097,3.29
29147,4.71
20958,2.88
27105,4.13
18914,4.0
15099,5.67
26332,5.4
15100,5.5
25070,5.33
3155,5.0
8694,4.0
25080,5.14
8697,4.56
507,4.67
29440,4.11
1451,5.0
8710,4.56
4616,4.78
523,5.5
21005,3.89
10669,4.75
25104,5.0
16248,3.0
29202,6.0
14867,3.8
25108,4.83
430,3.5
6679,3.0
772,4.78
15771,3.8
31261,4.22
27167,4.83
12834,4.22
22619,4.0
31269,3.25
16935,5.33
29225,4.33
16939,4.83
21037,3.4
2606,3.29
14088,4.22
31283,4.83
27190,4.71
4663,3.67
25151,3.83
1120,2.83
29250,4.2
19011,5.13
14433,4.67
589,3.71
6735,4.5
23120,4.43
25169,4.83
25171,4.29
597,4.29
6742,4.14
1465,3.25
12888,4.22
14938,3.0
29275,3.86
7819,5.33
25181,4.4
9317,5.2
23312,3.86
17230,4.25
29288,3.86
6761,2.5
31339,3.75
620,3.86
14959,3.43
31346,4.67
10867,5.33
20899,4.0
10871,3.6
2681,3.83
23163,5.4
25212,4.0
10877,5.0
2690,4.5
17029,5.22
19078,4.88
10887,4.0
21133,3.67
10349,3.6
31382,3.86
10009,4.33
17054,4.5
21153,4.25
23202,4.4
10916,4.2
6831,5.5
23217,3.75
8887,5.29
29368,4.0
25904,4.25
699,5.2
27325,3.78
25278,4.4
31666,3.67
4797,5.0
31426,6.33
31428,4.86
29382,4.38
8903,5.17
713,5.25
19146,5.67
25719,4.6
27341,3.89
25037,5.38
2775,3.88
25305,4.29
27770,1.0
20142,5.0
10979,4.13
17875,3.0
23284,3.67
27381,4.6
31478,3.88
4856,6.0
27387,4.8
19196,3.75
17149,5.0
30165,5.0
31488,3.63
19201,2.33
21250,3.75
13059,3.75
17156,3.86
29445,6.0
2822,4.88
15847,4.0
8968,3.67
780,4.75
21263,4.67
2832,4.71
21265,4.5
29458,5.17
23316,4.33
11029,4.25
3545,4.2
8986,4.5
17179,4.56
31519,4.25
19235,4.22
4904,5.75
21372,4.0
31530,5.33
28807,4.17
24310,3.25
19246,4.67
15496,5.11
13107,3.0
17206,4.0
11063,4.56
31545,6.0
29499,4.83
829,3.5
30517,3.33
18436,4.5
31557,4.63
11081,3.17
5943,5.0
31564,6.83
25421,5.5
2894,4.17
6997,7.0
21335,4.75
23384,4.11
27481,5.0
19292,6.0
4958,6.11
9055,5.0
9056,4.0
15850,3.8
7010,5.5
17555,4.0
17255,3.83
7017,4.63
11114,3.33
27499,4.75
9070,3.5
15215,4.86
11120,4.0
31603,4.33
7031,6.5
31608,5.0
831,3.63
18473,4.0
13181,4.11
21376,4.0
10048,5.0
31618,5.6
13188,3.57
23421,4.29
2952,4.5
13754,3.86
19341,4.8
23438,3.67
5010,4.44
23444,3.57
15255,4.31
23450,3.67
929,4.8
7323,5.0
10054,4.33
25512,4.5
3168,4.67
25515,4.5
13229,3.8
29614,4.0
23471,3.67
22945,3.5
13234,4.44
31667,4.8
13237,3.71
17336,4.63
8351,4.5
27581,4.33
9151,3.5
17347,5.2
7109,3.33
25543,4.4
969,5.25
9162,4.88
9165,5.17
25550,4.0
29649,4.0
25555,5.11
9173,4.67
30107,4.0
7133,3.67
29663,4.5
5088,3.67
27618,4.22
5093,5.0
5096,5.0
17386,4.5
1004,3.8
12114,5.0
2352,4.33
7152,4.67
23540,3.67
21493,4.0
5110,5.33
11255,6.0
25595,4.38
29694,3.89
11093,3.67
15361,3.33
19627,3.38
25605,4.67
26085,4.75
14811,4.2
27480,5.33
23570,4.86
13331,3.5
2967,5.33
17429,5.4
29719,4.29
11290,5.33
29723,5.0
13341,4.17
17438,5.57
30382,4.4
23584,3.43
21537,3.67
9250,4.14
21539,3.56
5156,4.25
25638,3.33
4273,4.8
5161,4.86
9260,4.67
3119,3.83
23563,2.5
11697,3.6
1075,4.89
15412,5.0
7469,3.71
19512,3.67
27487,4.86
13372,4.0
13373,3.75
11445,3.44
18272,3.78
13379,4.86
27718,5.0
27720,3.89
23626,4.44
29772,6.2
23632,4.67
17491,4.25
19982,4.0
28857,4.2
7256,4.33
1118,2.86
7263,4.25
31840,3.33
13410,4.33
2235,4.83
17509,4.5
30225,4.25
31852,4.0
7280,5.43
12654,4.0
7286,3.71
17527,4.63
19578,4.17
29821,6.0
23678,4.5
23744,3.22
23687,3.63
11400,4.2
21641,5.0
27159,4.25
9586,1.5
15503,5.13
31891,3.75
15509,5.33
7319,4.5
27800,4.25
23705,5.5
9371,3.86
7326,4.33
21664,4.2
28528,3.0
7332,3.0
5288,6.33
16924,5.0
27818,5.0
31915,3.57
17580,3.33
7343,4.0
2154,3.0
8428,4.0
19640,3.0
15545,6.11
25786,6.22
4639,4.63
32537,4.8
24437,5.0
17600,4.0
9409,4.5
27849,4.5
24815,4.0
1229,2.0
23761,4.11
11566,4.57
25812,6.0
9431,2.33
13531,3.57
19677,3.75
16933,5.43
4987,4.5
25829,6.0
15591,2.67
15593,3.0
13546,3.67
12839,3.5
29933,4.0
16136,4.38
9455,3.75
8895,4.5
13554,5.0
3283,3.14
472,2.0
7416,5.5
21753,3.83
15610,3.71
25851,4.17
13564,5.14
1277,5.5
7425,3.5
4651,6.0
15622,4.67
19722,3.33
1195,5.0
3970,6.29
32014,4.5
5391,3.71
31651,3.5
25874,4.43
27923,4.0
29972,4.75
7447,3.0
25881,4.0
23834,3.67
17712,4.0
9502,3.5
3973,6.0
7456,4.14
13603,3.33
3364,2.75
10206,4.4
29575,4.2
14024,4.8
11826,3.43
19758,4.17
23856,3.5
1329,5.0
9528,3.25
23866,3.0
25823,6.14
15676,4.11
5437,4.56
3391,3.67
1344,5.6
27970,4.43
5443,4.57
13636,5.22
6710,5.33
14561,3.75
12925,4.0
11593,4.57
21835,3.71
17740,4.6
5455,4.5
3410,4.67
20366,4.11
1366,3.75
21850,2.29
7515,5.43
32092,3.29
32093,2.88
13666,4.0
1380,4.17
30053,4.44
11622,4.0
6033,5.0
13672,4.2
1385,4.71
6375,3.33
5486,5.67
1392,5.75
25970,6.0
15731,4.2
26438,4.0
17782,5.14
3447,4.5
23929,4.0
23931,3.2
28030,4.56
18325,4.11
23936,3.43
23937,3.75
1410,5.0
235,4.5
1417,4.17
25994,4.75
1419,5.0
15758,4.0
1424,4.25
21905,4.86
7570,5.8
3476,4.44
18733,3.78
32151,4.0
19865,4.13
21914,3.71
9595,3.78
13210,3.75
30110,3.0
15941,4.8
28065,4.63
13731,4.0
19881,3.38
30123,4.2
21932,4.75
13745,4.0
30132,4.0
30133,4.67
28086,5.0
13752,4.0
23993,3.0
5562,5.4
1469,3.56
16143,4.0
13761,3.67
13763,4.0
24463,5.78
9557,4.0
13769,3.33
15325,5.0
32203,3.22
12877,4.56
5585,3.67
15827,3.67
17877,3.88
11735,4.33
15833,3.4
29442,4.5
23802,3.5
32222,4.67
1503,3.5
30971,4.0
28582,4.44
31313,4.14
30184,4.78
13801,4.4
13802,3.8
11756,5.22
8445,4.86
3573,5.0
17911,3.0
32249,3.6
7676,4.4
17917,3.5
19029,4.22
13824,2.5
9731,4.5
22539,4.0
9734,2.8
26119,5.29
5643,6.0
9740,2.75
18737,3.0
15886,3.75
19985,5.6
24084,3.33
5656,5.75
32282,5.0
27567,3.67
24095,4.67
5664,6.0
24105,3.5
30251,4.0
13869,2.88
5679,5.86
18329,4.75
17969,3.0
7730,6.75
32582,6.0
24158,4.13
20022,4.4
5688,5.25
28217,3.43
22074,4.86
2167,3.5
24125,3.89
30272,3.5
11841,3.83
22083,4.25
28228,4.14
22085,4.88
24134,4.25
2547,4.5
28234,3.0
15948,4.5
9826,3.8
11192,4.8
18002,4.67
24151,3.0
3672,4.75
9818,4.83
3343,4.67
1628,3.33
15965,4.88
28254,3.33
23824,3.83
11874,4.13
5731,3.5
3687,4.0
13930,4.25
7788,5.67
28270,3.75
24175,3.5
5744,3.8
26226,5.2
7798,6.57
15992,3.71
32378,4.56
23487,2.5
28285,3.75
15998,4.0
22147,4.0
7814,5.78
24200,3.38
12908,4.0
26250,6.22
13963,4.0
18060,4.63
11919,4.44
23491,2.5
18073,3.67
15983,2.33
22172,4.0
9885,4.83
32414,5.0
24224,3.75
30374,4.17
5799,3.88
3756,4.25
9902,4.63
30384,5.5
24243,4.5
3358,4.0
20150,5.67
28347,3.14
30403,4.0
3781,4.57
9926,4.89
3784,4.75
14244,4.5
27597,3.25
26324,6.0
14037,4.0
11990,5.86
11994,6.0
14044,4.57
32481,4.25
20199,5.5
5865,5.6
3819,5.13
1772,5.0
26351,5.25
26354,5.5
5758,5.0
30454,4.25
1784,4.38
14292,4.0
12026,5.38
17722,3.33
26367,4.25
22272,4.11
28417,3.71
16131,4.57
3845,4.22
26374,3.8
32519,4.0
24328,4.29
2385,4.17
26379,3.2
24334,4.71
1807,5.56
3856,4.0
7954,3.6
32532,4.86
5422,4.0
30488,5.0
22297,4.5
5918,4.33
30495,5.22
18209,4.38
30499,5.0
31366,5.0
28455,3.5
1832,4.8
20268,4.13
24365,4.0
7982,3.8
7118,5.2
12081,5.63
24371,4.33
18229,3.75
3894,4.44
20279,4.67
26591,4.0
22154,3.25
27749,5.5
24384,4.11
3723,4.11
24388,4.14
14149,3.25
22342,4.2
26441,4.78
5963,4.5
5967,5.0
4595,4.0
14797,4.43
16210,4.44
3924,4.75
20309,4.86
5974,5.33
11701,5.33
5979,4.38
22364,3.67
12125,5.2
1887,5.0
14176,4.33
26466,3.75
30563,4.43
8036,5.5
2023,4.5
14998,5.0
27965,4.0
6000,4.8
24433,5.75
6005,4.0
24438,4.67
8055,4.4
24440,5.0
1920,3.75
14209,5.0
16258,4.0
26501,4.86
22406,3.75
16263,4.38
22408,4.17
24458,6.78
22412,3.83
9538,4.0
3982,5.14
3983,5.38
1936,3.5
20369,4.6
32658,3.67
16275,4.57
18324,4.0
6126,4.25
1943,3.14
10137,4.67
1950,3.86
15344,4.29
24482,5.17
18340,3.75
20389,3.14
20390,3.4
16705,4.0
6063,4.43
20401,3.67
3407,5.14
8115,6.33
20408,2.67
20409,4.0
24506,5.0
30651,4.14
32527,5.0
20417,4.0
32708,4.33
32710,4.2
12232,4.89
30665,3.88
22474,3.71
18380,3.75
18382,4.4
10191,5.0
14288,5.4
10196,5.13
2006,4.25
32255,3.88
26586,5.0
27983,5.33
32734,5.0
4063,4.75
10210,4.67
1019,5.0
22503,4.29
2024,3.8
30697,4.0
2029,3.57
18414,4.0
30705,3.83
32754,3.89
13310,4.5
6134,4.33
10232,5.38
28671,3.86
10242,4.43
12294,5.5
15020,3.75
12299,5.33
14348,4.2
14,3.25
9901,4.6
15549,3.0
30738,4.67
8214,4.0
28696,4.0
20505,6.5
4783,3.38
18461,5.33
30,3.29
21168,3.5
16420,4.11
24613,4.83
12329,5.0
18474,5.0
12331,5.56
690,6.0
6190,4.33
20527,5.33
6192,3.75
18481,6.0
24630,4.86
30775,4.78
32011,4.5
22585,5.0
4154,3.6
28731,5.0
14397,3.5
16983,4.67
26700,4.33
77,4.0
20559,6.0
18512,5.38
2744,4.89
16469,3.5
4182,4.57
28759,4.22
5322,3.25
28762,4.22
14433,4.4
18531,3.0
30820,3.33
6250,4.5
16491,3.29
28780,4.0
24686,4.44
4208,4.89
30833,1.5
26738,5.75
28788,4.17
16502,3.43
14457,4.0
20612,6.33
26762,6.0
18959,6.67
29161,6.0
4237,3.83
143,4.25
12435,4.4
26308,5.0
12442,4.13
12553,5.2
21530,4.88
2208,4.56
20848,4.14
28835,3.78
164,4.83
22694,4.56
22697,5.0
30890,3.67
18603,3.33
18604,4.11
4269,3.0
8368,5.0
28850,1.0
6324,4.67
12473,4.0
2236,4.83
22717,3.75
12478,3.83
24767,5.67
31435,3.88
12485,4.5
26823,4.86
14536,5.5
8393,4.5
16587,3.22
10445,4.6
14545,4.6
24786,4.44
14547,4.56
9934,4.8
14553,4.33
30939,5.0
22748,5.5
26847,5.67
20705,4.0
3110,3.5
23194,3.78
12519,2.0
30956,3.88
27346,4.75
30958,3.88
8431,4.4
28912,4.57
22769,4.67
28915,4.0
10484,4.75
247,3.0
2296,3.8
251,5.0
18684,4.0
30762,3.63
10495,4.33
28715,4.6
20741,4.33
6409,4.17
16650,2.75
267,4.33
2316,4.25
24845,4.4
18703,3.5
32470,4.25
28950,3.88
16089,3.0
10521,4.25
6427,4.63
16649,3.4
10527,6.0
24865,4.25
2339,3.67
16676,2.5
12581,3.63
14385,3.33
18728,4.56
16682,2.0
6443,4.71
16684,3.25
10542,4.89
20783,4.25
18736,4.44
20787,4.0
4404,3.17
10549,4.67
12601,4.25
4411,3.86
316,4.2
6538,5.0
20798,5.33
4415,2.88
2368,4.56
16705,5.5
22923,4.67
27630,4.25
16714,4.5
333,5.0
26958,5.0
2445,4.0
31056,4.14
18770,5.17
4803,3.67
342,5.0
6489,4.22
24971,5.0
8541,4.67
1083,6.67
17538,5.25
18793,4.0
2410,3.78
24940,4.67
14702,5.33
2109,5.25
26992,4.0
20849,4.33
4466,4.78
10611,4.0
26996,3.75
31093,3.17
4470,4.83
10615,4.67
14712,3.22
16762,4.29
24957,4.67
385,5.75
16772,4.25
394,5.91
6539,4.67
8589,4.71
29070,3.5
32152,5.5
16788,3.0
20885,4.8
24983,4.56
27032,3.5
29081,4.0
10650,3.67
29083,4.29
6556,5.67
414,5.75
22945,5.5
8470,3.89
29092,4.75
2460,4.67
426,6.0
29099,3.86
2476,4.0
3826,3.0
12720,3.67
433,6.0
20918,5.33
18872,2.5
31161,3.78
22972,4.0
6766,3.67
8130,3.5
10692,3.67
12741,4.5
14753,5.0
14792,4.13
12745,5.67
22986,3.86
6604,2.8
16846,3.88
24653,5.0
6612,4.25
18902,4.44
10713,4.25
25051,4.11
2524,3.44
14816,4.8
26704,4.91
763,3.0
6630,4.25
26364,4.5
2539,2.6
17149,5.17
27121,3.75
2814,4.0
12813,4.0
6650,4.67
26367,5.5
18941,6.0
25086,4.0
512,3.67
14849,5.6
14850,5.14
16811,6.0
29190,4.11
6663,3.5
18956,5.0
13058,3.0
526,2.57
14863,6.2
4625,4.5
25107,3.0
8201,3.0
25112,3.56
6686,3.43
18977,5.14
15451,5.0
31269,4.83
6695,4.29
16936,3.0
27178,5.17
21037,4.0
25140,3.5
10807,3.0
4664,3.33
21052,4.2
4671,4.0
31296,4.86
14913,5.86
12866,4.17
29252,5.25
27210,4.2
10830,4.0
2640,4.22
29265,6.0
6738,4.29
595,3.0
6741,4.29
27222,4.5
25175,5.63
16984,4.67
601,3.25
29274,5.0
12892,4.5
16057,3.63
14942,5.11
10851,2.67
21092,4.88
10853,3.0
25730,3.0
10857,3.57
21843,4.71
619,4.8
14956,5.75
14958,4.83
25203,4.0
2676,4.5
17016,4.43
14970,5.57
21115,4.29
10877,3.71
31358,4.33
4885,4.0
12929,4.86
10884,3.2
8838,4.29
27272,3.43
20588,6.0
1474,5.25
6798,4.5
23184,3.5
25240,5.14
31385,5.33
8858,4.67
10909,4.14
8862,3.0
25247,4.4
672,3.6
8304,4.6
23202,3.71
795,4.71
19109,4.0
17065,4.11
23210,6.0
8876,3.5
11378,4.25
31407,5.13
23216,5.33
8882,3.5
25270,4.4
29367,3.75
23224,5.33
19572,4.75
29738,3.0
21181,4.11
23230,5.0
32544,5.4
17091,5.0
9980,5.33
10950,5.0
25291,3.78
13006,5.2
4818,2.75
740,6.0
31446,4.0
27351,4.4
15064,4.56
25305,4.57
25307,4.63
23279,5.5
29411,4.67
21220,5.0
10984,4.43
3879,2.67
2797,3.88
10991,3.44
29426,3.88
2805,5.0
758,4.33
19192,3.67
13049,4.5
2810,5.0
6907,5.14
765,4.29
8958,5.25
6912,5.5
17153,5.83
21250,4.33
17155,5.75
25348,5.33
25599,7.0
11019,3.25
21260,5.14
23309,5.25
31503,3.29
25361,4.33
25363,4.5
13076,5.0
19221,3.29
24843,4.5
6232,5.0
11033,3.0
6938,4.89
15131,3.83
19230,4.0
8992,4.5
19236,3.83
21288,4.0
5687,4.5
27435,3.67
2862,3.67
15154,5.5
29492,4.4
1502,3.75
2871,4.83
21304,4.5
6964,4.33
21310,3.75
2880,4.5
18912,4.75
2882,6.0
19268,5.5
32225,3.88
19272,3.86
29515,4.78
17229,4.14
23375,3.57
9041,5.5
27474,3.86
9699,5.0
2905,5.0
4954,3.75
7003,3.0
25439,5.0
30182,4.57
19305,3.67
32140,4.67
25453,3.0
31599,4.13
4976,3.75
25457,5.38
21366,4.33
8681,3.0
15225,4.44
23419,4.0
27518,3.0
9088,5.75
31618,4.67
15236,5.43
27526,4.0
17290,5.5
21387,4.8
15245,3.67
25486,4.75
22262,3.29
5011,4.22
11159,3.57
31641,4.44
23452,5.25
20634,5.0
17311,5.0
22058,5.75
2980,2.75
25509,5.14
5033,4.33
1522,4.67
17327,3.43
22604,5.43
24051,3.33
11188,4.2
9142,6.71
3002,3.56
15291,3.25
13244,3.0
14080,4.33
13247,3.22
13248,3.44
23490,4.4
5059,4.0
25540,3.4
5061,4.5
3017,3.71
972,4.43
24011,5.0
13265,4.0
13266,3.4
15318,4.5
15320,4.0
23513,4.38
29660,4.6
24058,4.14
25567,5.5
994,6.0
29667,4.11
15335,4.63
13289,4.25
11242,4.75
29863,4.43
7148,4.17
5101,4.75
3054,2.43
7151,4.14
5107,4.33
9726,4.57
10225,5.5
25592,4.33
27641,3.33
23193,3.67
14506,5.67
15358,4.17
27647,4.13
16810,4.0
25616,4.5
19473,4.22
19475,4.5
7188,2.83
3246,3.71
13334,4.44
5146,3.86
31772,3.56
17437,4.86
31775,4.0
17440,4.57
18950,5.43
9254,2.86
20494,8.0
17927,3.0
5164,3.0
19501,4.0
31792,3.17
17457,4.13
13363,4.44
11316,4.13
13365,4.5
31800,3.33
23609,4.4
3130,3.29
15419,5.29
17468,3.17
19978,4.0
1089,5.0
7234,4.29
9398,4.33
15430,4.11
17479,4.78
7244,4.75
31821,3.44
1103,4.6
15442,4.13
19542,4.22
19545,5.0
15450,4.67
31835,5.5
31839,6.4
30998,4.22
7268,3.6
31845,6.4
29798,4.0
3175,2.6
13416,4.33
3177,3.33
13019,5.5
23661,4.71
27758,4.67
19645,3.57
15474,4.0
23667,4.4
21620,3.67
19575,5.17
29817,5.5
31867,5.89
3197,4.0
9346,3.5
5252,4.56
15495,4.0
13448,4.43
25737,4.0
26819,4.57
23701,4.44
3222,4.17
4975,3.75
15516,3.29
13470,4.5
28545,4.71
13168,3.0
17570,4.67
27812,5.0
29862,5.5
7335,3.29
13480,3.67
19626,3.89
11435,5.14
5294,3.63
3247,4.29
3249,3.86
5298,4.0
7350,3.62
17592,5.5
7678,4.33
7354,5.2
27836,4.43
17597,4.13
12149,3.0
13504,4.0
17601,3.78
22731,5.0
15557,3.25
31946,4.88
25803,3.43
4301,4.33
5328,3.5
17617,3.83
21717,3.88
30314,4.6
15576,2.33
13532,4.14
15909,6.0
9443,4.5
29924,7.0
25830,3.75
11473,4.43
15594,4.56
1575,4.0
26834,5.0
11505,4.5
5364,4.83
12158,2.67
9463,4.63
13560,4.33
29226,5.0
7423,4.75
27904,4.11
21761,5.2
23811,4.63
17671,4.56
27913,4.25
19723,3.6
27919,4.86
27920,4.78
25876,5.0
11544,4.0
1307,6.0
6187,3.0
25885,4.0
3358,5.44
1314,4.67
17702,3.6
23849,4.6
32042,3.8
32043,3.33
24114,3.67
11566,5.0
27954,2.5
30008,5.29
2363,6.0
11583,3.75
25921,4.17
32066,4.17
13635,4.83
30020,4.86
9546,5.0
30263,4.75
21837,4.71
11599,4.29
25937,5.0
5347,4.33
7508,4.2
27990,3.83
5467,5.0
30044,4.89
17978,3.63
7520,4.78
30053,5.83
28006,3.63
9575,4.86
32105,5.33
13675,4.67
30063,4.67
6252,4.25
17779,4.0
30068,5.0
25975,4.67
6036,5.67
21886,4.17
3456,3.5
5505,5.2
23787,5.0
15748,6.0
21893,4.0
15937,4.83
11660,5.63
3471,4.71
1424,3.0
11843,3.5
9113,5.89
30104,4.0
5529,6.0
30109,4.67
32161,3.67
7586,4.67
26020,6.0
11689,4.0
3498,4.0
1451,4.67
32173,3.75
26031,5.22
3505,3.33
1461,5.25
7608,3.0
26041,5.0
1467,4.83
15605,4.33
32192,3.25
3521,4.71
9666,5.78
15299,4.5
19910,4.0
17867,3.67
1345,3.88
28111,5.29
11729,4.13
26070,5.0
7639,4.33
24484,4.5
26075,5.5
13790,4.75
32223,4.71
30177,4.89
1507,5.75
3556,4.25
26534,3.25
13798,5.0
1512,4.22
1518,4.33
23805,4.11
7664,3.67
5617,4.0
29852,4.89
32339,4.14
1524,5.0
28151,6.13
23169,3.0
9722,5.13
30204,3.5
19966,4.56
5633,4.22
28165,5.86
32262,4.4
13831,4.0
31694,4.29
13834,2.5
10839,3.2
32271,4.5
17936,3.89
1554,4.78
21763,4.78
13845,4.67
15894,5.38
15896,5.2
15898,5.0
15904,4.71
22051,4.33
32292,5.0
6258,5.0
11815,3.0
26154,5.0
5383,4.67
3633,4.33
28210,4.75
7732,6.0
9781,5.0
9782,5.5
3639,5.86
9784,4.5
9785,4.57
20026,4.17
20027,4.13
21330,4.56
20029,3.25
13889,4.5
5699,4.0
32324,4.25
17334,4.0
26209,2.75
30283,4.63
5441,3.67
32336,3.2
31331,3.4
32342,4.11
28448,4.89
15043,3.89
15966,5.17
24159,5.2
9824,3.86
22113,3.38
7780,3.5
13925,4.38
22119,4.25
19081,3.5
941,4.78
11882,5.33
7788,4.11
11890,5.75
5748,4.0
15294,3.6
22134,4.38
30333,4.83
9856,3.86
7813,3.29
32392,3.86
18057,4.78
22807,4.33
13250,4.67
24211,5.13
18069,4.0
24129,4.0
11927,5.22
18072,4.25
20121,4.33
18074,3.67
26269,6.0
18079,4.33
5794,3.83
20131,4.33
30373,4.0
22184,3.2
1705,4.17
20720,4.0
32434,4.25
21107,4.17
25153,4.0
26296,6.14
5817,3.43
16058,3.0
26303,4.5
5824,3.29
7875,5.0
20164,4.5
22213,4.25
18123,5.25
26316,4.44
5410,4.6
7886,4.33
26320,3.5
26321,5.0
27598,5.75
26518,4.22
11993,3.43
24282,3.57
30427,5.25
5853,4.33
14051,5.6
5860,3.8
7833,3.67
12009,3.71
30446,3.2
24189,4.67
15403,4.0
5874,4.5
12019,3.11
32502,3.78
19753,3.67
18171,4.88
22268,4.89
16127,4.5
9984,6.33
5891,4.67
7943,5.25
3265,4.63
24331,6.0
20238,4.13
5903,5.2
29998,3.67
15662,5.71
30491,3.56
265,3.89
26400,4.63
7972,4.33
14119,4.0
26408,3.88
20265,3.75
12075,4.75
61,4.5
20270,4.75
20278,5.0
649,4.75
7997,4.56
12096,4.0
28299,5.14
14148,3.13
8006,4.0
24392,6.0
3916,4.57
18575,2.0
14161,5.0
16211,5.57
10070,4.0
3385,4.5
28504,4.56
32607,6.0
8035,4.56
22373,5.0
10086,7.2
32623,5.5
10096,5.2
20337,3.0
15617,5.17
24436,5.4
14197,5.33
10102,5.71
20795,3.33
26490,3.5
32636,5.2
14206,4.86
16021,3.75
20353,5.13
15339,5.0
6022,5.83
28551,4.33
20360,4.38
10124,5.14
26512,4.0
7832,3.75
25365,4.5
12181,4.4
32662,4.56
17049,3.11
3995,5.67
20380,3.4
26266,4.57
32670,5.4
12192,3.33
6052,6.33
24486,4.71
28583,4.67
20393,4.75
30634,5.75
6060,5.5
1966,3.71
6065,6.0
30643,5.56
30919,3.5
8119,3.67
20409,5.67
6074,5.78
22460,3.11
24514,4.5
28613,3.83
28615,4.75
16329,4.0
20426,4.78
20428,5.25
6097,4.75
28626,6.25
4051,5.2
14670,3.75
22488,5.67
14297,4.11
26588,5.14
16349,4.25
16360,4.44
1363,3.67
6125,4.86
2030,4.14
18417,4.75
10227,5.0
10229,4.14
6134,4.71
16375,4.67
30036,4.33
19455,4.14
8190,3.71
20479,6.0
30721,4.0
9629,4.75
16387,4.83
18436,4.5
24581,4.0
15685,5.0
29697,4.67
24584,4.11
12297,4.2
16394,4.5
10252,3.29
6158,4.13
24596,4.44
14358,4.13
2074,2.71
21167,4.75
16389,5.0
18465,4.0
26658,5.0
16419,5.0
14372,5.5
6183,3.83
11612,4.5
2090,3.25
10284,4.33
12334,4.67
15550,4.5
18480,3.67
30728,4.5
14389,4.88
26679,4.0
60,3.0
26871,3.33
66,4.5
17419,3.25
12586,4.17
28742,3.33
18563,4.5
2121,2.89
10935,3.33
18508,2.0
8269,4.67
12367,5.43
22613,5.0
2135,3.25
24664,5.0
29028,4.67
4188,4.91
4192,5.33
8289,3.0
30819,4.14
2390,5.0
16491,4.8
28780,3.25
22637,4.0
14446,4.5
20592,3.44
14449,5.0
8307,4.6
18548,3.0
2165,3.0
8311,4.75
18552,4.2
30841,4.88
123,4.22
14460,4.88
10602,5.43
20608,3.44
27487,5.0
22659,3.11
27838,4.25
10604,5.63
30859,4.0
16525,3.5
25965,5.5
22673,3.0
8899,3.0
26773,4.29
12441,4.13
24730,4.57
30875,4.75
6170,6.0
6304,6.67
6305,5.67
28835,4.43
26310,5.44
30886,4.44
20648,3.67
8361,4.67
170,5.29
18603,4.25
24748,4.13
20655,3.71
20657,5.0
21876,3.0
5151,3.5
22716,4.57
2238,4.4
22720,3.0
2241,2.83
26818,4.0
10436,4.0
4294,4.0
8393,4.0
6519,4.11
24781,2.71
28878,3.88
20670,4.0
10448,4.29
16760,5.0
16595,3.67
28884,5.0
2261,4.29
216,4.83
12505,4.89
26843,3.71
14556,4.33
26845,3.5
21541,4.0
14560,4.22
4321,4.25
8421,3.86
28905,4.5
14574,3.75
16623,4.0
16630,5.29
19497,3.88
8440,2.83
30973,4.0
12547,4.71
6404,4.0
8459,3.67
10508,5.33
10509,5.33
10968,2.8
14610,4.5
5507,4.2
24852,4.13
12676,4.5
5167,4.0
28957,4.4
30768,5.5
8487,5.0
2346,4.86
15751,4.0
9266,5.78
6449,3.89
8499,3.43
18143,3.6
8508,4.8
8509,4.33
12608,4.88
14657,4.78
24898,4.89
14660,4.29
22861,4.75
10566,5.43
4833,5.2
29003,4.2
28994,4.0
29005,5.5
12623,3.8
4433,5.67
12630,2.6
18015,4.6
24925,3.38
14686,3.83
21221,4.14
2403,3.8
16740,4.67
357,4.75
30097,3.5
29032,3.89
16745,3.75
2410,3.2
14055,5.0
22892,4.33
10606,5.33
31090,5.33
8566,4.75
32489,5.0
29048,5.29
14399,4.33
14716,5.0
27005,3.17
16772,5.5
12678,5.75
18824,4.8
6543,4.43
16784,4.0
27027,3.67
9959,5.0
29079,4.0
408,3.57
410,4.2
10651,4.5
10650,3.14
20894,2.78
22943,4.13
27041,3.56
6564,5.0
18502,3.0
20902,4.57
20904,3.0
31145,5.0
12714,4.56
29101,4.0
25007,5.67
22960,3.8
29427,4.25
436,4.0
31161,5.0
24991,5.0
4540,3.83
12734,5.0
27071,3.86
31168,6.0
12738,5.17
5195,4.0
29125,3.57
25031,4.13
29128,3.29
22986,3.33
16844,3.67
16846,4.71
22992,4.0
21240,3.5
8658,3.67
2515,4.86
27093,4.67
14806,4.25
18903,5.2
29144,5.5
16857,4.43
474,4.44
18908,4.29
12774,4.88
29161,4.5
14827,3.0
29171,5.63
16884,4.29
10741,4.8
2554,5.67
8704,4.5
14849,3.33
12804,5.67
14853,2.83
6665,4.5
14858,2.71
10763,4.6
16910,3.4
27151,4.57
13452,3.67
18963,4.43
32437,6.25
27160,4.29
27162,4.25
6575,5.11
27164,3.83
29213,5.56
23071,4.57
12720,4.17
14886,3.33
2599,3.6
16476,3.6
28865,3.8
12039,3.0
10797,4.29
15158,3.86
564,4.14
10915,3.89
16956,6.83
2621,5.0
14913,3.75
19010,3.0
8771,4.0
6724,5.17
19013,3.0
24706,4.0
27208,5.4
31306,3.33
6733,3.63
12881,5.0
25934,3.88
21078,3.0
2648,5.17
19037,3.25
4702,5.33
14944,5.33
609,3.5
19045,4.5
614,3.6
12903,5.33
616,4.5
32530,5.38
6931,3.4
25204,3.38
19061,3.22
2679,5.0
29119,3.0
32073,3.67
17024,3.86
12930,4.38
21123,5.0
21270,5.0
27271,3.33
21128,4.25
2697,5.0
24572,6.22
31187,4.0
29328,4.33
1816,5.0
25234,3.83
14995,5.75
23190,5.0
12953,5.17
10906,4.5
27291,3.54
25245,3.67
6814,3.4
23199,4.33
26395,3.33
679,3.5
17065,5.5
17617,3.4
455,4.38
6830,4.0
8879,4.63
6833,3.83
25266,3.89
15027,6.0
23223,4.13
25273,4.67
4796,4.33
25277,4.56
1141,4.33
4800,4.67
16160,5.0
23234,4.86
17867,4.29
15044,6.22
31429,3.83
4897,5.0
4808,5.5
15049,5.5
12407,3.44
6860,4.11
23249,4.88
15059,6.25
6868,4.17
8919,4.67
25304,2.0
13019,3.29
21214,5.2
24357,4.33
464,3.6
15075,7.67
6884,4.25
29413,3.43
15078,6.5
19175,4.22
31464,3.9
26748,4.29
12239,3.5
2802,4.0
31475,4.44
23285,5.0
10998,2.5
8952,4.14
32212,4.2
2814,4.0
11009,4.33
30507,5.0
29448,3.75
25354,3.78
19213,4.5
27406,4.57
19939,4.17
6928,4.25
15123,4.33
8982,3.67
19226,3.67
2863,3.71
21276,4.75
23329,4.33
21282,5.0
163,5.0
23340,4.11
31533,3.5
27438,6.25
13617,3.83
21296,3.29
29489,2.67
13257,5.33
25395,2.86
15156,3.5
6965,2.78
4918,5.6
6967,3.8
19258,3.43
11067,2.33
9023,3.0
15499,5.11
822,4.44
29511,5.25
2889,5.83
11083,3.29
29516,5.36
23373,5.0
27473,5.17
25426,3.0
11747,3.4
7993,3.8
856,5.0
15199,5.0
11106,3.33
18169,4.33
21359,4.0
27504,5.2
11121,4.25
13170,3.83
15221,6.0
7032,4.0
4986,4.0
25467,3.78
898,4.67
13072,2.0
7044,4.0
9097,4.0
910,4.14
21392,3.88
13202,4.75
7061,3.33
31639,4.44
9112,3.67
26354,3.5
25498,3.63
19357,3.67
6981,4.38
2976,5.33
24048,4.0
27554,4.67
22683,4.0
2981,5.33
9126,2.89
23464,4.14
2987,5.89
940,3.5
19373,4.2
21422,4.22
2994,5.38
25758,3.33
21433,3.0
14900,6.0
15293,4.2
24952,3.75
20981,4.83
19392,3.8
21664,5.5
21442,4.33
12,4.5
9158,3.33
7112,4.33
969,3.5
21451,3.6
7118,2.0
978,3.57
7123,3.6
13268,3.13
15320,5.17
25565,3.13
25569,4.57
11237,4.5
3046,5.5
7143,3.56
23532,3.0
20151,5.5
21487,4.4
9423,2.0
21490,3.63
23539,5.0
25590,3.33
7159,3.88
9210,4.75
31739,5.0
9217,5.5
31748,2.25
23557,4.14
11271,4.0
27820,4.75
7178,4.2
9227,4.75
6949,4.0
15192,5.25
5138,3.43
1043,4.75
1044,3.33
7192,5.0
15387,3.75
21535,4.0
19489,4.22
25635,4.67
28166,3.11
31782,4.5
19495,4.86
9256,4.83
9257,4.0
21546,4.11
31787,3.83
6390,4.33
19634,3.83
9263,6.29
21553,4.33
7218,6.11
17462,2.8
7224,5.75
9055,4.44
5183,4.0
19520,3.56
21571,4.25
11335,6.0
15433,5.57
9291,4.8
19534,3.5
9295,5.57
13496,5.0
3154,5.83
27734,2.63
12994,4.0
27737,3.2
23646,4.25
1123,3.5
30566,3.25
15462,5.0
27752,3.33
31856,3.5
28520,4.71
9333,4.13
21625,4.4
15483,5.0
23681,3.89
21355,3.43
31878,5.22
24769,3.78
25736,4.5
11401,5.0
11403,5.22
3212,3.67
11405,5.5
19598,4.43
9360,3.8
7313,5.11
17557,4.33
19993,5.44
12351,3.88
13470,5.11
13471,3.0
11424,4.5
27811,3.5
12828,4.17
13483,4.8
15532,5.0
5297,4.5
27826,3.86
1203,3.75
17588,3.29
3255,4.5
11448,3.5
8052,3.83
13498,5.8
15657,3.63
25790,4.56
22389,3.0
13504,3.56
24390,4.75
11464,4.0
15567,5.33
29904,5.22
29905,4.25
19667,4.0
29903,4.8
26092,5.2
1246,4.0
17633,3.11
27874,3.57
21030,4.78
27879,3.67
11496,3.33
23786,3.5
19853,4.2
21744,5.8
26835,4.22
27892,3.38
16750,4.67
9464,3.14
17659,3.13
31610,4.5
21761,7.0
23810,4.75
27907,3.0
23812,4.0
15622,4.89
24449,4.67
9480,4.5
3337,3.4
3338,4.29
11532,4.29
21378,3.0
17681,3.78
19730,3.0
6019,5.0
5397,3.88
14978,6.75
13594,4.33
25884,4.14
15646,3.83
1312,5.11
1316,4.5
7461,4.75
23847,3.75
18252,4.89
32041,3.38
2269,3.71
9521,3.14
15666,4.71
1332,3.89
3385,5.25
25914,4.5
11580,4.75
11581,5.33
32062,3.89
13636,3.67
20022,4.22
23878,4.33
27975,3.67
5448,4.0
1353,4.71
17716,3.5
1355,4.5
23884,3.86
21837,3.8
30030,4.0
23438,2.75
30038,3.4
13655,4.0
21852,4.67
5471,3.5
13666,3.67
3428,5.13
11623,3.78
11626,5.17
23783,4.13
1389,4.71
15726,4.6
4669,5.0
7536,4.25
25832,5.0
9586,3.57
11636,3.71
20846,4.25
14569,4.38
32120,4.0
2053,3.33
19836,4.67
15594,5.43
1406,5.22
23935,4.17
1411,5.13
30179,4.0
24805,3.5
25836,4.33
7562,3.33
17303,4.33
11660,5.5
15757,4.13
21905,3.75
11669,6.0
21910,4.0
19863,4.86
1433,4.78
17819,6.0
19868,4.06
27546,4.8
1439,5.0
23969,4.38
32326,4.6
17833,4.88
1450,4.89
25160,4.0
30941,3.67
26038,3.75
26041,4.75
20383,5.2
9662,2.6
17861,5.22
11722,3.0
4343,4.43
8781,4.67
4344,5.0
21971,5.0
11732,3.56
28117,5.22
24024,4.0
26076,4.38
26078,4.5
32227,4.29
19940,4.67
17897,7.0
21994,5.0
18343,4.13
11756,4.67
460,4.33
5614,4.56
32239,4.67
5616,2.5
19953,4.11
28147,4.67
9716,4.4
28149,5.29
15862,5.57
15868,3.71
26112,5.0
5633,3.17
939,4.38
30214,3.5
7687,5.0
5640,4.57
10417,2.4
11523,3.78
13846,3.17
13847,4.43
24088,5.0
1284,4.38
5658,4.71
28190,4.5
32287,5.11
24096,4.17
17960,5.13
1577,4.14
3626,3.6
24109,3.88
3631,3.5
7731,4.33
13878,3.83
121,3.6
30644,4.67
7775,3.25
21330,4.38
11842,4.0
28939,4.11
3654,4.67
28231,4.0
23820,3.44
26189,3.67
32337,5.29
18004,5.83
3669,4.67
11864,4.5
22109,4.0
15966,4.5
613,3.13
3682,4.5
9828,4.0
21094,4.67
6417,4.0
7785,5.0
30314,4.6
26219,4.33
22124,4.5
24177,4.56
7794,4.4
3347,3.2
28276,3.89
24182,4.0
30329,4.0
18026,3.22
22144,6.5
4488,5.33
5764,3.67
9863,4.14
13962,4.29
20113,4.29
32402,6.33
12227,3.0
28434,3.86
24219,5.0
3741,2.5
3743,3.6
1696,5.89
11938,4.6
9893,4.33
7846,3.89
18033,3.0
28330,4.11
28332,3.0
5746,4.0
13999,3.56
31688,4.0
30386,5.25
14005,3.67
24247,3.33
24248,5.0
16060,5.0
13560,3.75
7870,5.17
11967,4.8
26304,6.5
26305,4.0
16066,3.75
3782,3.63
1839,4.83
7881,7.0
3791,3.63
10560,4.0
3794,4.25
18131,3.33
14038,5.56
1755,4.25
16093,4.63
1758,4.5
1759,3.33
28386,6.0
20195,4.33
12743,5.0
5863,3.22
14057,4.86
26347,3.88
1776,4.38
9512,3.13
12018,5.0
12243,4.29
16118,4.8
7465,3.0
30456,5.5
7929,4.0
22267,3.5
22269,4.22
20229,4.89
30470,5.0
5895,3.78
10882,4.17
16556,5.0
24338,3.78
10005,3.78
23315,4.47
1818,4.0
12059,4.44
18204,7.0
26400,4.0
12065,4.4
14117,3.83
30502,4.75
18737,5.0
22313,4.25
23175,3.8
14126,4.63
29661,3.75
5936,3.22
27272,3.0
14643,5.25
675,4.22
28473,3.83
12090,3.71
12097,4.76
16196,5.22
32582,4.5
20689,3.38
18249,6.0
18251,5.0
30540,4.5
18254,6.0
14160,4.33
32593,3.64
28498,4.0
32596,4.67
28501,4.43
14168,4.67
24417,3.8
5990,4.11
32616,3.0
3945,4.0
8042,3.25
22380,4.0
26258,3.71
22382,2.11
8048,3.78
3954,4.22
24436,5.33
24437,6.0
16361,4.5
22394,3.8
24443,4.56
30589,4.86
24446,6.5
22399,3.0
28544,5.5
31040,3.63
8066,3.5
28547,4.29
24454,6.71
26503,4.25
3052,5.0
11521,3.25
12173,3.67
32655,3.8
1936,4.13
14226,5.29
6036,4.33
20373,3.88
30616,4.8
24474,6.33
25583,3.22
29798,5.0
30021,4.67
20386,3.83
6051,4.43
20388,4.22
14246,5.8
16295,5.2
12200,4.5
10154,4.55
24493,5.11
8112,4.5
18354,4.5
10164,4.11
30645,5.33
10167,4.0
32697,3.0
30650,4.33
20411,4.43
30231,5.0
4029,7.0
10176,4.67
12225,4.6
18371,4.67
4039,5.6
24071,4.0
17740,4.11
1994,2.0
6135,4.56
30669,4.57
6095,4.67
8147,3.43
18388,4.25
27982,4.0
24534,4.75
30681,5.25
8523,4.42
20815,4.0
14310,4.5
6121,3.63
6124,5.0
28654,3.57
16381,5.0
6128,3.0
4082,5.25
12411,5.0
4705,5.33
24568,5.75
28665,3.71
2043,5.0
16380,4.83
14333,5.4
26622,4.5
17408,4.88
8195,4.63
18822,5.63
24577,4.8
2060,3.56
8205,4.0
5464,5.0
6162,3.67
16406,5.0
20505,4.17
18459,4.25
10268,3.5
18461,4.89
12318,3.33
8223,4.63
26658,5.0
24615,5.75
18473,5.25
10892,4.0
5810,4.0
5469,5.67
28439,4.0
23560,4.75
10296,4.0
31711,4.0
4789,3.5
24640,5.71
22594,4.0
16453,5.0
24646,5.56
16455,5.0
28745,3.0
18506,4.0
6223,4.25
28754,4.13
9230,5.67
2134,4.67
10914,5.67
4185,4.67
20572,3.5
22621,4.5
28767,5.0
26721,4.6
14436,2.75
30821,5.8
10343,4.67
12393,2.83
15740,4.0
29123,4.67
28783,4.0
24688,4.25
6257,4.38
2162,3.56
30837,5.0
28790,4.13
22647,4.83
20601,2.75
8316,5.5
12650,5.44
28798,4.5
3776,4.57
16515,5.56
2181,3.75
12423,5.0
13676,3.0
12428,6.0
30402,4.13
24723,4.0
4248,6.0
30876,4.57
16542,4.78
27,3.89
30884,5.44
26652,5.0
22699,3.0
16558,3.5
24751,4.5
20656,4.33
31091,4.33
16566,5.0
18618,4.17
187,3.5
18620,3.33
20671,5.25
18624,4.0
26817,3.67
12483,4.0
16237,3.63
200,3.0
201,2.75
19831,3.67
10450,4.0
30931,3.5
6356,3.5
24792,4.75
28889,4.4
13463,4.2
31439,6.0
6366,5.0
10032,4.0
30944,6.0
24802,6.0
11643,3.25
14566,4.67
26857,5.71
237,5.0
6382,5.22
10481,4.5
4339,3.75
2361,5.0
20725,3.8
6390,5.78
1065,4.5
2296,3.8
16635,4.0
14037,4.38
18689,4.0
16642,4.0
20842,3.63
12551,5.0
6409,6.2
16853,4.0
267,3.5
26893,4.29
24849,3.0
28946,5.38
5166,3.5
17058,4.89
6424,4.38
8473,6.0
6215,6.0
288,4.63
291,3.75
292,2.67
24869,4.0
6438,4.13
26920,5.0
14634,4.67
2348,3.0
22237,3.71
24880,4.0
18738,4.0
26931,5.0
24885,5.0
4408,4.25
4409,3.67
24890,5.33
12605,4.86
10558,5.33
12607,6.0
14656,2.8
321,3.63
24904,4.5
8524,5.43
29006,5.11
26961,4.83
6482,3.63
12627,5.25
14605,5.25
24917,4.75
10582,5.0
4439,3.88
18781,4.8
6494,3.56
14694,5.0
24936,4.83
24938,4.29
8556,5.11
6510,4.75
367,4.33
12656,5.5
20849,4.5
29042,2.33
6515,4.67
14708,5.17
373,4.75
16760,4.6
20862,4.89
24960,3.25
29060,5.0
12678,5.33
14727,3.25
4488,5.0
14729,5.2
6969,3.8
19523,1.0
14539,5.75
20888,3.8
20889,4.57
24989,3.9
6560,4.5
6564,5.29
422,5.0
22954,2.5
2119,4.5
6557,4.5
27059,4.13
31157,4.63
439,4.0
12731,3.5
10314,4.0
11608,4.22
16833,4.0
4546,4.56
27075,4.9
27077,4.25
17473,4.0
10697,5.75
10999,5.0
31182,3.67
10704,6.88
22993,3.17
469,3.83
20900,3.5
10319,4.0
15098,4.0
6622,4.56
5541,4.4
16864,4.5
23009,4.25
4859,4.67
31206,4.78
25063,4.44
16873,4.8
14827,3.8
29164,3.0
10733,6.43
31216,4.22
2547,4.43
4596,5.0
20983,3.5
31225,4.0
2815,3.2
14762,4.5
8702,4.13
18943,4.25
14848,4.71
10478,4.44
25003,4.5
9428,5.67
12805,4.43
6662,3.75
4615,5.5
27154,4.75
18964,3.88
23062,3.0
19317,6.0
2585,4.43
23067,4.78
22386,2.25
4638,3.8
2594,4.71
14883,4.29
6692,4.25
10790,6.56
21032,3.86
4649,4.0
4650,4.0
14891,3.29
17842,4.86
4654,4.0
4042,3.0
561,4.67
23091,5.0
16949,5.8
29238,4.0
25146,4.83
23100,4.5
27197,3.71
2133,3.2
23106,3.33
19011,4.4
6725,3.5
6727,4.13
7589,4.13
8780,4.0
31311,1.0
31315,5.25
6742,4.4
8791,4.8
4696,3.78
21087,4.63
2657,5.43
29285,4.0
14953,3.86
24679,4.6
12908,4.67
23149,5.0
625,3.0
17013,4.0
14967,5.44
19065,5.0
31354,2.71
4732,4.5
27261,3.5
29313,4.0
17028,5.0
11030,4.0
31367,4.13
23179,5.2
31372,3.67
2272,6.0
655,4.5
27281,3.8
25235,4.0
660,3.33
13320,4.22
664,5.0
13184,4.0
2725,5.0
15014,6.5
25372,3.5
2614,6.0
25260,3.38
15021,5.43
17071,3.56
4786,5.0
28446,4.38
17080,4.0
9770,3.71
8891,3.0
25277,2.4
8894,4.5
23231,4.67
31425,4.67
707,4.0
22869,4.57
6857,5.0
29387,4.22
21196,4.11
15053,3.33
2767,3.71
23248,5.38
23249,4.4
21202,3.6
6867,5.25
7321,5.0
17115,4.0
733,4.14
13022,4.0
23762,7.0
22992,4.5
27362,3.8
4835,5.0
3537,5.4
2793,3.75
17131,4.56
15088,6.33
21233,3.33
11209,3.71
10366,4.25
6902,5.17
21239,4.0
17146,5.5
15099,5.56
6910,4.5
19199,4.8
15104,5.0
10027,2.25
8965,4.22
29450,3.71
21260,3.25
17165,5.13
7981,5.33
29456,4.0
785,4.8
31510,4.89
16857,5.11
11415,4.75
2847,3.5
2848,3.33
20272,3.25
4899,4.0
29480,4.33
809,4.0
21300,5.0
15160,6.0
11065,4.6
25402,4.0
32223,3.0
15165,3.0
13120,3.13
23364,3.8
21318,3.5
24510,3.5
27465,3.25
4939,3.63
9037,4.89
7309,4.25
13112,4.09
15189,4.67
9046,4.75
17239,5.56
11096,4.71
7001,3.71
9051,4.88
11100,4.25
9055,4.0
32573,2.33
23399,4.67
29546,4.5
23403,4.75
15212,3.75
23406,3.43
27453,3.86
13168,3.83
9076,4.5
27509,3.44
29560,3.83
15850,4.29
896,4.67
7041,4.43
7042,4.0
25067,4.5
29573,4.57
2952,4.0
905,2.0
11147,3.0
19340,5.17
31631,2.4
21392,4.75
7057,3.88
25961,4.63
23705,3.8
13209,4.33
11164,4.29
5022,3.83
23455,4.67
19360,4.2
15267,4.5
19364,4.33
13222,4.67
15271,6.0
9128,5.71
19369,4.25
11179,5.33
13232,4.29
22115,4.33
11191,3.5
5050,4.83
23483,5.0
6362,4.57
3009,3.83
21442,3.0
7109,3.78
13254,4.5
9160,5.0
969,4.75
27174,4.5
25550,4.75
13264,3.0
11224,3.5
21465,3.29
19418,4.0
991,4.5
21472,4.0
31713,3.43
13478,5.0
999,4.83
29673,4.0
23530,4.63
19623,3.33
15340,3.0
27629,4.14
25586,4.25
15350,4.67
26289,3.5
15353,3.86
11093,4.0
19456,4.11
15362,4.67
1027,5.0
25604,4.75
19286,5.0
5128,3.67
29706,4.5
3083,4.0
29709,5.11
29710,5.13
1039,4.0
9731,4.6
19630,4.22
27672,5.17
23577,5.25
13340,4.75
31773,4.11
25631,4.86
6320,4.0
21541,2.8
11303,4.67
5160,3.6
9257,3.86
29738,4.33
15403,4.44
11308,2.0
17454,5.13
3119,4.33
1072,4.0
21553,3.71
15410,3.67
19507,4.75
11317,4.0
11320,5.44
14175,5.0
9447,1.75
539,4.13
11331,4.6
13380,4.67
13381,3.5
23622,4.0
25671,2.5
13385,4.56
23629,4.25
25681,4.38
17492,3.75
1110,3.67
19544,4.25
23642,4.67
15453,5.4
18720,4.86
19553,2.75
19554,3.67
19555,4.8
9318,5.6
9319,6.22
27752,4.63
16950,3.0
13422,5.0
20328,3.57
1538,3.6
19573,3.11
31863,4.13
3195,3.83
3197,4.0
23678,5.0
21634,4.56
29827,5.71
27780,3.88
19589,4.25
1158,3.17
11400,4.8
5259,4.33
27789,3.13
27791,3.56
19600,4.14
27793,3.29
15508,5.56
1175,4.33
11417,4.2
15514,5.67
29468,5.0
11420,4.67
19615,3.13
1904,4.89
17947,4.0
5286,5.0
5363,4.5
21673,4.0
27820,3.75
15533,5.0
3246,3.0
22728,4.0
25779,4.17
25782,3.8
31605,3.5
17602,5.0
29891,4.67
15558,6.56
27848,3.67
3275,4.67
12316,3.88
29904,3.33
1233,3.56
10884,5.0
23763,3.88
25812,4.88
7381,4.83
5336,4.0
17630,5.13
23775,2.63
29921,3.86
29922,3.4
7395,3.88
19685,4.0
27879,4.4
29930,4.0
1259,3.0
1260,3.63
13549,4.57
21743,3.75
23080,3.75
15602,5.25
12147,4.44
7412,4.0
9463,4.33
7380,4.33
21754,3.89
21755,3.44
11517,3.5
23807,3.43
9088,4.86
5381,4.25
23815,2.88
22060,4.0
3340,3.43
26571,5.5
32301,2.5
11139,3.6
31345,3.67
11544,3.2
21789,5.33
2949,3.75
2608,5.0
14214,4.5
23846,2.5
9511,3.8
32040,5.13
17705,5.0
27946,4.2
3373,3.86
15240,5.0
14558,4.5
9526,3.67
14217,4.5
25914,4.0
3295,3.8
22410,3.38
1342,4.0
20704,4.14
8758,3.86
15686,4.5
11489,3.33
9544,4.57
19785,4.33
5452,5.0
9549,3.5
10138,4.75
17745,4.22
1362,4.2
25939,3.83
3414,2.71
3415,2.75
21848,4.0
7516,4.75
25949,4.89
5470,5.38
7519,5.0
17761,3.75
6092,5.8
1379,4.56
28008,4.0
13673,4.43
17771,3.6
21868,3.83
24466,3.33
28016,4.0
15731,4.13
3444,3.17
28023,4.38
7547,5.5
13692,3.5
3306,3.67
24469,3.67
3456,3.78
1409,5.33
17801,4.33
8770,4.0
1422,4.57
2285,4.38
17813,3.25
32152,4.8
15773,3.0
13728,4.2
15777,4.0
11683,3.0
9637,3.56
30124,3.57
1458,5.56
17843,4.0
26037,4.3
7606,6.0
30135,4.17
17848,3.75
19897,4.63
11706,4.0
5564,4.5
13758,4.14
7617,7.0
3522,4.0
9670,4.67
5577,4.0
9674,4.11
15819,4.33
28111,3.75
1488,4.43
1489,5.0
15827,6.0
7638,4.86
7417,4.5
19930,7.0
32219,4.22
3548,5.0
17885,4.67
3550,5.0
19935,6.43
3553,2.33
17891,3.75
15845,4.0
30182,3.5
9705,3.5
5610,4.14
5613,4.57
24046,4.0
9713,5.2
13907,4.0
28148,3.86
27561,4.5
17916,4.4
32258,4.17
5635,4.71
27222,3.5
17929,4.0
1546,4.4
7694,4.5
24493,4.5
19985,3.67
22801,4.0
30638,4.75
3606,4.0
10144,5.33
32282,5.33
7707,3.25
3617,4.67
3618,5.25
9765,4.22
28198,4.44
3625,4.29
11818,4.56
20012,4.0
26157,5.33
30257,3.11
6804,4.29
17971,4.6
9780,3.75
16649,4.0
5689,5.0
5691,3.4
5918,3.33
15939,4.33
4486,5.43
24136,3.25
28236,4.11
11854,3.78
28239,4.0
5712,4.11
9810,4.33
20051,4.5
18603,4.0
24150,3.67
3672,5.33
3674,3.4
20060,4.0
26208,4.14
21435,4.33
11879,4.33
18026,4.0
20076,5.0
11888,3.75
18034,5.0
24180,3.38
15989,4.22
15232,4.86
11899,4.14
13949,4.88
4373,3.0
11907,2.88
7812,4.5
20102,4.0
5768,4.17
18057,4.0
22157,4.67
32399,4.25
11920,4.0
15640,3.43
26262,5.0
2329,4.5
16025,4.13
1692,4.29
3741,4.0
30368,3.0
24227,4.78
29638,4.67
13990,4.0
19057,4.0
16041,7.0
13997,4.0
20143,5.25
16151,6.0
22193,3.67
26290,4.2
5811,3.75
32439,3.75
26296,5.5
5748,4.4
16058,5.67
32031,4.67
16061,5.11
11967,3.6
5824,4.75
28353,5.0
26306,5.4
944,4.13
24261,2.5
26311,4.33
15328,3.83
18121,5.5
3786,3.6
9932,4.11
26927,4.0
31694,4.0
14311,3.8
24280,4.67
30425,4.57
3805,4.88
22238,5.0
24677,4.67
16096,5.0
30434,4.0
3813,5.14
16102,4.88
22249,3.89
2923,4.2
5868,4.25
18199,3.0
9512,4.0
5877,4.67
24310,6.0
28408,5.33
1014,4.0
24314,5.0
16123,4.88
18172,3.67
15658,4.0
12062,5.22
14083,3.33
24326,3.5
9999,4.0
12608,5.83
18392,3.71
7956,5.75
27884,3.5
3863,6.8
5913,4.14
16155,6.0
30494,3.8
14111,4.5
3874,5.0
22307,3.5
10021,5.0
20262,4.33
20264,4.0
12074,5.6
32555,4.5
18220,3.56
2354,4.86
18224,3.67
26419,4.71
20277,4.0
16186,4.0
14139,4.0
24380,3.5
30525,5.0
20870,4.38
12097,3.4
1858,4.25
1860,4.11
32054,4.78
10056,5.33
12940,5.4
8011,5.33
5964,3.75
22350,1.8
11917,3.17
20792,4.25
30549,4.89
20310,3.17
8505,5.0
22360,3.11
12123,4.67
17722,4.56
20319,3.5
14176,4.0
5776,3.75
5986,5.0
30011,3.0
7825,3.63
16232,4.0
3947,5.11
3949,5.0
30576,3.67
28910,4.0
26114,6.0
21139,4.67
28532,3.71
24437,3.56
22393,2.5
14655,5.0
5400,4.67
3967,4.8
12160,3.8
14209,5.0
16258,4.25
1923,6.0
28548,3.89
24454,3.89
18312,4.0
18313,4.14
8074,5.17
32651,3.57
24462,4.0
32655,3.71
14225,4.67
30610,4.75
22421,3.33
16282,4.33
3995,5.11
572,5.2
30621,3.0
18334,3.33
21829,3.5
16288,4.0
24481,3.8
9542,3.44
1960,5.14
20394,3.0
6060,4.56
30637,3.38
18350,5.0
6071,4.88
16312,4.33
6077,4.0
8126,5.71
5110,2.75
8134,4.43
332,4.83
12234,3.5
20427,3.5
14284,4.57
26573,4.63
16337,3.33
6098,4.43
18083,4.5
31573,4.75
24536,3.43
10205,4.2
26592,5.11
10210,3.71
10215,3.33
2028,3.67
22510,4.13
6127,5.0
6130,4.88
7507,4.4
2040,3.44
5119,3.75
28670,4.0
20479,3.83
