Node,Load of node by messages routed
29555,137
10242,521
12293,173
9217,307
23664,537
22538,180
20493,325
26640,276
14355,288
20502,203
24599,205
20504,165
4121,958
30746,375
10267,335
2076,321
11413,334
2078,84
16415,427
4570,295
2081,103
14370,230
14371,70
38,651
18073,77
22573,365
14383,200
12336,425
2100,179
12004,434
14393,268
12349,107
24639,336
8257,238
16451,371
23222,316
18503,1927
28744,948
20553,735
12363,195
2321,124
27483,284
24589,253
8273,159
12370,83
12373,136
2141,335
10334,421
15717,316
98,492
10340,163
26728,813
30826,784
22887,491
8301,221
22640,647
360,229
12402,294
20599,414
24696,448
28793,457
26749,273
1045,249
16512,356
14465,480
24706,234
20612,160
134,462
26737,107
18568,504
16748,552
20618,209
28811,403
24718,205
12431,162
482,311
14484,190
2197,587
8342,289
151,132
20632,204
18585,225
16536,366
4257,1320
14363,129
2213,312
24742,279
28839,282
10410,430
12460,281
16557,436
20655,396
30896,532
14514,420
8376,482
20669,418
13344,1030
24775,420
18635,435
23245,158
26834,619
217,405
14554,280
22747,104
24796,338
6365,1742
4318,172
14560,195
19152,326
21603,236
13419,158
18663,288
30832,162
30955,617
20178,757
28029,226
28912,844
22769,300
26866,112
14718,60
8438,559
12540,310
8447,114
30983,208
14600,380
12553,185
3799,244
14606,87
25645,235
19922,278
7896,453
8579,276
22804,399
14614,111
4375,475
29060,637
8239,468
6429,570
14622,192
8484,258
10535,1028
22826,298
16683,792
24876,623
18733,605
2350,398
16688,296
13409,337
26937,357
12603,432
30090,285
12610,106
26951,113
29000,533
6473,360
330,150
31053,236
23949,389
31059,97
10581,543
22244,774
14555,60
12641,235
8546,357
2403,364
10596,279
14695,685
26984,440
31082,359
6508,420
24941,357
20847,1054
20848,108
31089,271
26995,158
372,216
8565,234
8568,132
24953,249
19519,257
14717,225
22910,460
14719,111
24963,189
20868,306
2113,129
392,416
12682,393
16039,792
5869,156
24976,185
27032,404
24978,142
14739,274
13516,111
8942,219
218,153
18841,747
411,244
12701,122
27042,176
18843,71
4520,477
31146,349
18862,148
22959,548
22960,322
18504,155
12722,179
6584,523
18877,190
27074,288
5195,116
18887,85
5737,226
464,305
21240,587
27090,199
6612,266
12759,298
10713,801
2522,961
29147,576
31196,389
31198,198
16865,810
2530,240
2531,194
25061,258
18919,486
27113,462
10730,254
23975,127
26067,496
13736,197
14836,736
25077,228
18934,331
27128,191
10746,193
14844,144
17152,224
8706,456
28076,332
21002,263
25100,211
12820,509
25110,158
21015,174
537,271
6686,602
31263,489
14880,346
12834,135
17499,425
2596,473
12038,186
25126,265
18983,552
6696,281
31274,305
14891,389
19889,220
23089,307
562,336
29236,544
16478,264
2251,379
10807,388
24671,248
12860,365
19210,143
1461,61
6723,209
16964,757
21063,357
21067,300
595,331
31317,352
29272,268
603,353
2657,460
25189,146
10856,390
14953,409
31339,496
14956,198
23153,476
4317,364
21109,433
29303,283
25209,338
12922,525
23168,164
3179,123
6797,181
4750,266
25709,459
25232,210
30488,580
8852,287
11374,458
14002,76
21299,164
2714,233
3500,377
794,251
23198,210
7621,201
19568,327
21275,98
2727,183
8647,580
25260,172
29357,322
6830,332
27314,1004
32542,227
8886,248
21176,348
19130,1018
2747,256
23229,180
25051,362
31861,543
10389,368
4801,589
21186,270
15504,192
7287,165
25292,469
17101,792
8911,258
15056,429
13010,578
29396,563
6869,340
12409,123
10968,359
2777,250
19164,195
31456,919
27365,336
10084,95
745,877
17130,374
10936,731
2869,168
1490,179
17134,204
27375,125
7635,75
27381,211
28457,552
19192,238
19193,77
8955,147
13052,272
29439,412
23296,560
2818,115
13064,94
15148,771
6922,596
19213,88
2830,152
23076,754
13074,135
26414,805
8982,250
13080,174
29465,193
21274,284
16175,726
2844,225
4893,868
6945,346
19931,253
2853,118
26076,265
811,322
6956,192
6958,194
17544,425
19251,331
14621,237
13109,251
13113,134
27454,554
9013,385
19264,320
2882,169
23363,643
21316,185
21319,105
19273,191
20962,662
11086,985
847,339
17233,333
23378,295
9699,404
11096,204
858,125
29531,651
860,174
15197,529
4958,335
25744,332
25442,1004
19299,333
15204,401
870,229
22738,214
29546,229
9067,548
25452,135
7023,120
21360,411
19315,264
19316,203
27510,474
20969,157
2939,332
17965,200
25471,233
31616,1138
12096,576
29572,366
4998,516
14736,515
11146,421
21388,256
29582,310
3565,182
28824,135
29900,692
21398,126
28468,297
924,589
25501,301
31646,190
7071,334
31648,215
7412,210
31128,172
31655,233
938,91
19376,257
21425,191
12415,116
7095,223
13471,194
27580,553
11198,369
3008,561
961,220
3016,222
27593,200
23696,407
21993,87
5069,484
11217,384
15315,722
9172,445
981,214
7126,235
31117,373
23513,876
19418,283
21327,192
23517,122
25566,619
15328,119
7334,224
21478,461
4945,439
167,309
31727,579
9201,248
3061,493
31913,248
29690,605
23547,251
29692,118
22698,445
5118,254
25599,310
3073,185
21507,255
1029,506
18604,178
3083,272
11277,487
9230,254
25615,248
5136,258
29714,398
15381,435
8025,131
21528,186
22703,244
1052,225
5149,420
15390,188
17440,531
11297,176
31779,417
19493,515
7206,587
5159,176
11309,160
31791,151
18653,214
23603,533
13365,169
21558,381
9396,632
11322,210
8083,89
25663,289
17473,83
7235,205
12129,180
24076,614
12448,258
21582,408
25682,109
25685,80
5207,199
18845,62
29785,489
14017,220
19547,392
5215,207
1121,574
15458,611
6769,350
2918,394
3174,522
21178,164
9323,763
21612,204
1133,189
5230,302
7280,358
5233,128
8153,139
17524,380
29813,315
14185,93
7288,95
25721,252
7291,70
7292,113
13437,284
15487,362
1154,256
13013,213
7304,139
31888,329
17411,288
1171,320
17557,302
4263,235
29847,393
5272,416
7326,229
23711,178
23976,157
13477,279
3238,252
7708,149
15531,427
27821,1190
17225,597
17949,205
19632,623
3249,317
5298,527
27827,104
7348,273
21705,416
15544,271
7028,210
13498,212
13500,68
5310,158
5312,164
1219,241
13511,161
23753,507
25804,636
7374,142
9425,343
11476,567
27865,419
14567,170
19409,427
1252,314
3301,326
21734,267
7402,511
4647,827
17645,761
27886,193
15600,530
1266,349
31988,205
7413,98
23798,345
15607,216
315,373
3322,409
14227,360
13866,587
3326,62
23809,222
21763,356
32004,223
3333,166
13185,448
3336,83
9772,259
9483,516
11532,185
7438,334
5391,487
23825,228
21778,180
11539,169
11542,148
13529,285
1304,281
21785,146
3357,203
1313,336
29986,597
7459,227
6705,161
23848,158
32041,514
27948,447
7470,285
3375,357
11569,362
19764,554
17717,634
4477,635
9529,379
21823,368
15682,284
9539,114
23878,404
23881,183
19789,277
27996,518
9565,178
10957,170
30124,221
17766,410
23778,217
30059,527
11628,352
9584,318
11633,148
9587,111
3446,431
26857,185
28025,247
25981,974
11646,296
11648,68
12523,467
9605,213
7558,484
11655,210
32136,664
3466,274
7564,174
13709,840
28047,231
23107,192
5527,741
32152,309
13722,141
26012,214
10138,433
5360,476
9118,386
30119,307
19880,500
19881,47
23978,93
29255,144
7596,463
28079,245
7600,155
1457,967
7602,123
9653,527
23991,287
17848,558
21945,689
1466,86
23996,148
1473,163
32195,398
19702,752
24008,206
19915,258
7630,228
7632,101
15826,801
30163,310
19705,220
28121,658
7642,211
11739,689
27328,254
1505,157
27601,512
3555,663
13797,459
21991,476
8444,105
21997,152
11761,271
1525,281
17910,743
32251,390
3583,220
9728,188
5633,855
15875,561
3591,110
11787,177
9740,265
17934,221
10157,279
12258,233
7698,576
11796,257
9749,173
22044,329
1565,306
3615,171
944,159
32290,393
25179,485
17957,201
3624,222
1578,201
13575,427
5676,435
5677,123
20014,763
11824,219
22066,323
3635,168
24117,508
8660,186
24128,151
11510,301
5699,218
24132,144
30277,589
5729,264
15945,531
13147,605
17999,400
9810,231
13908,440
1621,456
1622,59
22103,449
26201,972
2319,579
3678,152
13919,164
3681,147
32354,413
7779,607
11877,348
18022,363
7783,159
20072,507
1641,495
1623,121
30311,487
30316,244
19390,335
3216,338
8809,805
26900,261
32384,362
20075,111
22148,454
5765,279
24198,437
30344,287
18028,165
3724,524
5776,143
22162,283
18068,363
11926,304
7012,351
7835,521
24220,147
26272,622
9891,845
8319,186
13991,685
13994,150
29449,78
4722,224
1710,370
285,445
21448,178
1714,199
7860,257
18101,469
14007,87
9914,388
28347,1396
32444,521
11965,365
16064,229
30401,758
18115,229
28358,270
3784,475
14025,123
28362,228
24268,463
1746,344
32718,267
32471,272
14040,190
5850,567
20188,165
32478,105
18143,644
16096,405
18148,183
17361,886
12621,117
31015,360
32493,292
18158,792
5871,92
21677,563
24306,359
15657,275
32504,142
12025,128
3834,434
5883,237
32508,217
14079,381
20096,223
3842,108
20227,450
9174,181
1798,463
9991,511
3850,198
14093,340
24339,472
31022,150
5910,327
17369,296
5912,180
20254,201
1823,242
30498,179
15323,137
2808,526
1833,200
1834,169
32557,327
22318,559
5935,436
24370,327
22324,216
7999,783
28480,260
4699,353
12099,94
10055,664
3912,463
24204,128
8010,186
16205,405
16206,225
10065,164
12117,266
28502,232
30551,655
6541,359
31978,627
12126,110
3937,179
26466,468
14179,630
20324,711
3941,130
10089,122
1898,485
32619,409
26476,207
11797,110
6000,591
6002,200
20341,248
14202,131
27826,260
20349,149
3966,400
24448,628
22404,565
8073,476
28555,560
12175,393
27138,473
22419,106
14318,63
5785,323
16280,595
30618,761
7151,245
22432,123
1156,73
4003,280
3835,103
1957,355
8102,252
20392,408
5788,178
20394,163
10156,351
6061,744
10772,240
25245,244
26544,636
32691,670
12212,217
11593,144
14324,134
28604,728
12229,274
12231,115
8138,358
8139,73
22478,340
6477,142
2002,458
20436,441
2005,64
30679,338
16345,513
24208,134
20445,200
2018,100
14311,493
14312,70
15630,314
15015,557
2028,143
2030,66
12272,119
24561,767
24562,120
12275,94
8180,303
22517,490
30710,340
2041,182
12283,113
26621,462
20480,204
10243,247
26629,342
7979,343
8661,234
29015,545
14348,269
20494,386
16402,644
16231,181
32257,389
24597,389
24598,91
29017,104
2076,623
26653,184
22559,647
18464,325
6178,475
8227,531
19462,509
28712,780
14378,371
18475,231
2092,285
24624,534
16435,391
18484,333
30774,215
12344,436
30779,172
30780,162
6206,312
6211,120
26692,494
16453,250
2119,296
12360,189
28753,380
6227,230
28758,150
30418,790
6235,98
6238,111
97,723
10339,944
10341,85
103,105
9234,131
8302,609
22644,727
22645,112
10360,242
10362,126
27499,140
20604,770
9578,315
6270,332
30741,558
12419,545
16065,316
6280,140
14473,863
18571,796
8332,361
2190,522
28815,320
22672,485
14483,155
28821,131
20632,336
21188,336
5,292
6301,362
4254,1312
2211,321
14531,69
28841,283
20650,171
172,359
26798,738
30897,285
415,135
20661,175
22710,314
2231,298
22712,72
10425,428
14529,96
29876,132
12486,557
12487,69
28872,161
14538,203
10443,312
4301,477
28879,226
9592,169
24786,849
18467,80
20692,316
5838,311
10454,232
215,398
22747,161
22749,122
12510,268
12512,109
16610,946
8424,641
2428,216
17447,196
14572,107
18669,608
20719,473
24816,464
30760,259
2290,302
10963,285
14581,91
12535,317
30969,92
28924,558
6398,270
9941,100
4353,321
8455,384
16650,260
13015,167
12563,282
30998,374
6425,265
18714,816
285,211
27083,125
3875,176
2336,584
7216,175
14626,363
6435,202
8485,265
22823,785
14632,289
26923,985
31020,420
22833,115
4402,464
11828,118
12597,200
16696,395
8509,227
6462,366
20800,628
22849,219
23352,192
31043,161
10564,676
6469,244
12616,493
22864,181
16721,313
10578,272
2390,391
4439,324
4440,88
5860,313
31066,238
2398,96
10594,201
8548,222
2406,148
4456,180
363,659
24940,873
26993,416
29882,172
22905,270
22908,84
5949,65
2436,133
29061,362
16774,313
14727,599
6537,536
24970,163
27022,197
21229,192
2456,227
22930,352
12693,532
4504,437
14745,335
411,310
2461,121
10654,521
12703,168
8677,116
24994,82
11675,520
420,137
2469,136
24305,290
2472,119
29097,326
12714,214
25451,400
6573,408
27054,369
413,74
26696,149
25010,145
8627,276
6580,198
4852,524
27067,136
445,340
29118,258
27073,81
12738,190
758,804
14791,232
13586,234
22987,121
12749,237
6903,163
29137,243
29138,101
12755,275
469,372
31400,65
16855,1025
2522,203
15087,66
10723,744
16869,299
31208,347
31209,174
30295,266
18088,393
6637,596
27118,533
8950,212
4594,724
25075,874
29173,347
8617,669
25081,136
6911,123
10748,483
8704,381
5268,462
6230,68
14858,677
13400,78
23058,266
2582,392
6681,357
13402,118
31263,399
8738,293
2595,371
25126,352
12839,469
23081,260
29226,491
6700,242
18992,1819
23089,358
4658,448
14771,343
564,719
8757,371
568,91
30031,58
21051,481
32480,454
16958,665
6722,292
31299,375
26721,218
27093,123
2638,370
6735,226
15871,63
14929,533
16483,93
23126,418
3172,362
4700,283
19898,432
2654,200
21087,364
12902,179
14951,269
25193,529
19051,398
29293,354
20925,716
31348,409
22730,199
12924,139
23165,305
4734,317
19071,269
29315,233
14980,317
24001,116
10888,853
8841,368
27274,1083
4747,119
14479,124
4750,102
11373,285
21137,537
25234,497
6805,208
21142,135
19095,368
21144,205
27914,362
12911,146
21274,389
19102,246
2719,227
31392,393
4772,506
2726,157
25256,178
27305,455
22983,504
23213,563
17070,591
10927,342
17072,63
12980,313
116,268
296,155
7252,399
6850,246
2507,310
31428,422
2761,396
21778,171
17106,266
13011,198
25303,442
21209,173
17114,331
10971,68
21213,100
19170,527
19175,61
6889,246
15085,877
10991,164
19185,234
29426,988
8948,655
19189,136
25334,410
759,144
15096,186
23149,207
15100,158
25342,202
29439,256
5931,164
26642,155
31873,243
15491,285
16481,260
19224,198
6937,281
23322,665
21275,156
8988,334
11037,81
11038,52
11042,145
13093,557
23337,223
25783,68
23340,110
813,324
29489,232
15156,428
6966,332
31544,912
11069,190
17219,928
21316,436
17227,60
13134,377
9041,399
26083,62
6825,178
29527,421
17240,277
13145,346
16727,169
20965,504
2912,992
19297,680
5947,152
6030,270
23399,270
23400,147
874,470
4971,404
11116,589
25405,380
10728,57
10387,176
31605,491
13175,285
27512,168
19604,520
7039,272
25474,227
15851,125
13190,137
25480,72
27529,203
6645,270
908,342
19341,250
19343,135
11158,328
27543,349
5017,188
23451,165
27548,195
4418,116
11168,236
15272,784
9130,691
23467,240
25516,282
7086,407
29853,135
15280,142
9138,241
31219,165
15285,160
19384,540
3003,692
9799,274
23486,377
29631,303
16126,376
3010,73
25543,352
3018,181
7115,366
11216,469
5073,466
15315,378
17364,418
17230,96
29834,104
9179,431
15525,138
27617,435
29666,252
20987,222
27620,52
17381,321
4945,628
20988,162
29675,246
13293,756
9308,205
21490,883
1012,297
23543,392
21496,143
17401,214
3583,343
3069,554
3921,192
23551,122
25602,626
13316,134
27653,305
9222,318
11271,533
5899,405
28199,251
25610,135
31756,383
5134,266
9389,260
17424,169
30552,476
31762,199
23573,133
21526,224
25623,319
19480,300
19481,70
25627,205
23581,381
11294,185
17440,397
1058,383
23017,236
9252,367
19493,236
18609,387
23592,298
7210,718
11309,254
29496,174
29744,712
6787,460
17462,404
7224,142
25780,295
27487,1064
9276,241
13376,411
15425,846
21571,392
15428,139
3141,478
29768,231
5195,399
3149,104
9296,186
28856,241
24419,923
13396,274
14521,255
13335,246
11354,264
21596,191
13405,96
1119,410
11364,203
5221,242
5223,142
5224,93
25705,654
5991,229
1133,264
27758,770
3261,647
21352,547
15475,340
31860,791
13437,356
13438,134
23679,735
1153,277
1155,141
21638,361
29833,655
3210,410
15500,237
6381,113
3220,247
7321,501
18287,156
3229,93
3232,62
27809,436
3234,111
9379,354
25765,456
13481,369
23723,496
5293,333
15538,239
29875,292
21684,428
25782,169
31927,630
1209,626
9402,257
9403,149
25789,266
3263,418
15553,360
15554,449
2251,243
6792,82
27855,395
13521,397
13526,106
29913,246
1231,200
31965,239
30245,157
13536,64
11490,881
29925,205
5350,345
13545,202
7402,755
17959,815
9452,54
9454,137
17647,1474
17649,182
13554,246
12841,267
5371,210
17705,94
1278,442
21760,823
32006,333
19722,836
21774,159
9489,203
25874,873
1300,198
657,537
16633,205
23834,190
19745,249
17698,284
25891,205
13604,207
32573,399
29993,626
5420,367
32046,509
20360,138
5426,150
27959,550
23865,289
13535,117
1340,374
22410,333
25920,392
5442,140
25483,133
27972,199
30024,204
17737,274
21834,499
9547,627
30028,108
1358,215
13197,233
21840,119
1363,113
18318,280
13655,655
11609,690
31211,149
9934,160
5474,361
11835,183
11623,290
3434,826
30060,340
32111,419
6376,738
23923,307
11637,316
14569,401
5496,304
7547,916
13692,429
9450,495
32131,367
21892,527
20374,109
13702,53
1415,418
1417,183
19551,538
5015,267
28044,537
23949,330
4333,321
19856,552
7570,185
17811,627
13718,179
9623,335
28056,271
13723,246
11676,333
21917,412
30110,564
7584,352
31145,608
17828,180
19877,354
3494,394
5543,411
21929,322
583,243
15789,1328
3503,148
21937,368
14579,117
14238,127
5558,198
5705,381
30873,693
5561,103
3514,144
3516,172
23999,643
3595,179
17857,484
1476,392
19911,234
30154,365
30967,576
28110,482
12120,248
1490,280
5589,191
5590,81
249,406
9938,76
3547,325
26076,1106
28125,342
13790,611
7995,138
15842,287
32227,598
24038,233
12881,329
5609,221
30187,433
31656,404
26101,198
16213,84
15865,107
14591,228
25897,139
28159,202
28160,85
9472,239
29270,209
9394,101
1546,550
26123,166
19980,381
28173,292
32270,247
28178,128
30227,232
17326,622
5654,491
15895,190
32281,210
3610,195
24091,474
7709,975
9760,1059
26145,464
1570,212
7715,81
20005,290
5670,193
20401,245
11816,1069
9769,190
26154,269
4359,172
257,152
11821,117
11032,355
15919,572
15920,254
1586,192
3636,253
22071,870
8799,228
3645,126
3646,95
17983,410
25422,240
22085,309
18017,160
24137,487
30284,587
5712,262
26193,499
30292,291
20055,801
32349,524
13919,1012
18016,373
1633,708
3682,533
32363,256
28268,417
13933,120
20084,336
11893,635
3702,428
3704,338
23828,606
24187,423
18046,128
14955,127
7719,212
22155,259
13966,383
13967,174
124,179
23447,283
24213,198
18073,123
11931,406
7837,546
20126,428
13559,138
16034,774
7845,119
18086,324
22184,268
26089,77
5802,630
18265,145
16078,200
7857,146
7860,98
24521,81
9844,413
22202,366
21607,341
25546,150
7797,452
22208,145
9332,323
9923,352
22134,464
13693,87
32456,628
26313,818
20380,81
7886,265
14031,344
20312,235
5309,324
7890,178
22227,199
14036,162
20181,280
9849,204
24280,779
30426,172
24527,120
9948,85
24287,80
22240,322
976,529
12004,442
28389,989
28390,230
14055,373
16494,269
2514,68
9969,372
20210,290
7015,575
20214,116
22263,381
32724,166
4735,107
30462,534
26367,615
1794,973
30472,240
20235,308
16142,134
1811,155
25902,111
7958,454
14103,339
3870,961
32545,454
29659,233
5924,278
12252,359
13700,59
32555,107
1837,216
7982,52
29320,243
7992,96
12089,588
28474,448
31711,422
5948,58
16189,528
26431,349
4017,541
18242,1050
5955,98
16200,143
20299,454
23385,249
10065,755
18259,262
12942,404
1878,251
10071,237
5976,304
14308,224
20316,98
9610,289
3935,256
22369,922
32611,339
6816,196
8037,361
18278,148
2705,502
12139,338
20335,256
6120,365
28532,743
16245,160
27625,175
24443,327
24554,105
1919,329
17728,254
14211,833
16261,294
6024,321
3978,611
26509,659
26510,206
20370,209
12179,301
1940,399
31980,158
22422,187
12186,135
14235,264
22428,151
30622,912
32671,509
28581,703
8109,561
6063,419
16305,742
18354,388
9886,197
22459,357
30652,355
24511,478
10177,645
18370,371
32708,364
10181,145
24981,155
12232,497
6089,240
28231,396
5111,409
32716,202
8143,477
14291,421
4052,499
14293,95
8150,175
27641,148
20443,415
2012,593
20445,122
18401,251
12260,282
24550,393
26600,725
29596,716
18411,179
1021,255
7848,114
20468,194
14325,232
10230,459
10231,76
32760,361
18429,225
10240,391
30720,208
2455,85
21846,131
24583,323
22536,147
8201,449
11,207
7024,128
31056,274
20498,371
29699,427
32189,139
22555,237
26652,286
20511,155
30753,285
16419,745
16027,244
28709,165
12332,362
2093,973
12334,101
14386,456
2100,182
26677,161
28726,197
26257,300
4153,646
20538,378
6208,1259
2113,190
19467,766
30788,348
18501,730
20550,371
26695,171
18507,180
14412,407
24653,522
8272,636
10321,844
28757,142
4183,321
12377,443
22618,663
22619,114
26716,627
16058,144
8732,168
4191,99
6240,394
14433,194
22626,331
14435,134
30822,523
6247,193
26983,333
123,662
18557,552
6270,476
4223,401
18561,120
2178,632
3073,128
10378,204
28812,396
24941,146
4241,310
24725,509
8342,626
12441,502
28826,230
24731,184
18588,428
12447,113
20642,784
26789,506
8360,215
28700,543
16554,767
8366,107
483,337
28848,335
22707,585
2230,164
20664,206
1396,206
2234,136
9412,206
10431,529
24768,527
12481,117
18627,349
12485,126
202,598
28878,242
22736,334
8401,241
212,314
12503,174
20697,367
16602,444
2267,273
20701,213
16607,215
8420,136
24806,350
4329,676
28911,346
26393,161
10488,284
12671,107
28924,137
27082,101
23936,129
28446,110
16086,122
14466,277
10503,222
22793,422
26890,188
23255,770
29058,209
2318,405
30765,74
18704,217
22802,107
12565,397
24854,330
31000,868
14618,358
12576,222
2337,224
20770,519
4715,144
31013,313
8486,445
14044,692
18730,396
28974,583
18738,265
8504,254
318,618
17461,265
28992,159
16705,735
28999,81
26957,322
2382,501
24911,352
6480,1195
337,234
4437,717
4438,116
16100,124
14683,669
24925,171
13460,242
29023,291
12641,475
12355,276
10595,743
358,150
8551,684
18902,141
2411,162
31085,272
12654,305
11325,262
6513,366
10611,283
18415,337
6518,169
22903,367
376,343
24956,180
2429,199
16767,507
31106,204
31467,164
29060,228
12678,191
18824,780
8585,403
10647,92
12685,203
27022,400
2447,364
16784,300
16451,409
24980,267
10645,339
3732,214
26692,87
13039,388
10652,131
16797,173
24992,289
2467,118
31452,64
22951,115
22952,106
6569,283
821,107
12715,388
2742,176
432,404
435,158
22967,226
31161,418
4539,420
29116,469
25021,195
27072,368
2879,289
10693,372
14790,773
20938,1095
18891,602
23970,398
27086,234
463,279
22947,275
25044,403
31190,474
26361,225
27098,247
16859,677
10716,387
29150,473
15087,769
16464,356
23011,74
14822,326
2536,322
6633,627
5543,539
4588,488
23025,168
3358,251
20979,487
2549,220
4599,260
504,203
16889,332
31226,522
26367,108
6652,254
31230,298
27135,344
514,151
23043,284
20996,308
12806,552
10759,473
25096,515
8714,431
27147,56
27148,52
27153,191
23059,235
29204,405
534,163
10776,349
6684,187
27168,179
546,88
6691,52
27174,112
21937,287
6696,66
14429,404
6705,229
8756,110
27189,211
26615,107
19000,533
12857,399
6239,71
29244,446
14910,195
575,360
25152,346
8769,196
32412,636
13931,362
5773,520
23111,393
19016,341
14921,248
7266,341
12879,287
4688,426
594,435
12883,134
25172,96
8789,414
25175,126
31458,137
23131,294
21084,626
10845,451
11365,408
2658,837
25187,316
16997,1088
23142,81
12904,245
25195,286
14957,348
11682,89
2678,200
23162,376
6782,660
31360,951
4544,237
19075,495
9665,355
16862,123
6795,173
8845,606
2702,390
14993,287
12948,287
17045,227
14999,178
12955,108
12960,86
31394,227
12968,59
2731,223
12979,138
12981,168
19126,548
8887,190
19128,259
27322,888
6843,254
4796,267
25277,450
29375,1047
31426,402
27083,135
21188,797
29381,240
25289,281
6859,180
1144,447
17106,369
8915,252
2510,485
13433,476
31448,332
8924,173
3810,100
6882,188
6947,264
10982,691
23273,396
8938,138
4843,394
2797,546
751,966
15088,60
25329,418
27378,443
25385,365
29432,360
6907,269
16174,116
13054,154
8959,297
19202,531
27395,234
21253,541
23681,203
8968,100
15113,166
19211,176
11020,463
6925,297
2835,521
24366,248
19929,210
31514,661
17180,595
31519,150
4472,362
8667,673
13093,366
19240,316
9001,335
15147,269
12082,576
27440,221
817,359
29490,490
19253,290
2872,497
6969,202
28752,309
5599,435
6972,108
17213,285
6975,135
31552,387
27457,193
836,300
9029,282
29510,208
31559,137
30860,316
27469,184
25427,233
14895,562
13146,423
7003,409
15198,666
7007,118
506,162
21347,134
25444,204
25445,164
17254,619
9064,213
21355,171
13164,218
880,386
881,157
9062,363
4982,717
11128,903
27513,324
11131,194
21372,199
17277,348
26285,294
19332,706
29505,266
7821,142
23437,1279
23442,80
5012,207
23997,175
31639,570
9116,450
23453,145
25413,261
29604,240
8006,558
21415,477
25512,704
17323,351
7085,657
9134,286
11421,296
27568,696
9138,163
21427,149
23476,218
7326,372
25527,196
25528,98
11193,553
955,723
19390,378
11199,179
27584,367
3232,364
25538,218
22497,126
13255,291
27592,93
27594,65
3019,862
13260,67
973,238
29646,683
9037,174
31697,606
27603,200
13270,103
18937,440
21464,520
23513,338
13277,145
25566,277
23524,185
3045,162
27622,272
26889,922
17386,603
15339,382
15340,188
13293,203
13294,126
3058,239
7157,502
7160,68
17402,234
22020,466
2218,291
7167,193
3072,141
11265,618
5123,865
9220,741
9221,289
4876,439
25611,477
11277,223
5136,149
29716,236
27672,534
19481,76
21338,571
7199,233
19489,114
13346,500
23589,569
21545,619
11307,192
3116,309
7214,262
17455,492
13360,249
1073,749
29749,515
5174,281
5177,251
21563,254
27146,371
19519,412
7234,399
22027,103
12470,245
12518,155
31821,814
23630,378
7250,235
15445,790
23638,138
16131,196
19545,309
19548,69
19549,75
13157,145
23649,263
23650,161
3171,673
21605,397
15889,183
19566,115
19571,73
15479,461
17528,684
27769,746
5242,438
3195,359
25816,162
19585,302
21634,300
1158,294
5313,175
9355,754
17548,241
1901,473
5268,294
11413,525
29849,715
13469,248
19614,339
27808,350
5281,224
25798,203
3240,250
11701,169
6237,203
23730,357
9398,490
13496,274
9402,89
3450,440
5310,209
6541,202
19648,383
14566,443
25794,1025
21700,605
32630,1341
21702,93
17609,454
1226,484
4768,334
19662,307
17621,225
29561,441
17624,165
9435,320
7389,136
31966,879
30593,302
9446,149
7400,197
21739,321
13549,259
1273,474
13565,194
13569,90
13867,307
32004,289
520,101
14209,252
1291,191
19724,296
19725,87
21775,259
15632,736
9489,438
25877,358
5399,727
32024,471
20356,348
15642,228
20015,254
9500,292
12506,138
13598,375
29984,1013
27940,953
5415,318
10347,227
23851,246
7470,512
44,283
1330,350
15667,222
11573,164
27958,173
11576,167
30260,408
15679,133
7488,189
21827,378
11590,132
17736,343
21835,136
15692,102
15695,60
17744,215
5457,197
15702,348
3415,435
27801,374
13658,380
32302,351
27996,295
25950,582
15117,156
11621,319
11624,69
1386,288
5483,386
11631,124
11632,115
19827,644
19828,92
21877,437
18665,383
32120,791
7546,792
23931,411
9594,688
17792,487
25985,554
28035,512
19847,321
25992,328
1418,378
10818,317
32145,216
28054,154
11672,621
13730,547
29031,186
9639,424
17832,365
28074,310
25159,164
23980,141
17837,213
6728,301
32178,201
22894,370
32184,106
13753,313
7361,377
3516,518
13757,148
19905,453
11715,232
24009,228
24482,94
5164,209
11730,91
21971,458
30164,1088
9686,314
1496,676
5028,213
21981,203
11742,219
32223,467
5605,63
26193,1010
32233,84
17898,430
11756,185
25170,173
1518,158
25853,296
13809,383
24050,366
19955,213
5620,215
1529,292
24533,370
28155,593
1532,237
13821,137
15870,966
3588,650
13831,166
32265,329
8791,194
19981,425
24081,539
30226,523
21763,129
21557,179
7428,279
22043,283
19997,179
15902,122
17952,503
28200,529
5674,604
1579,332
24110,226
28207,181
9779,792
24116,262
17975,349
11838,563
30272,218
13920,117
9798,452
22087,416
13896,381
1610,359
13899,76
4706,430
27423,117
5711,378
32337,344
3666,425
3668,112
28246,299
29037,145
13917,125
22816,243
23141,190
30304,476
3344,657
1638,356
32358,378
23825,784
1641,121
7786,1267
11883,435
7789,109
1648,128
3701,474
20087,518
17387,114
15997,534
3711,128
21847,90
16002,166
1667,185
20101,329
22150,708
16321,260
7818,350
19735,292
11916,225
15298,502
10365,150
11544,691
18066,825
30659,132
18068,251
28309,375
3734,106
1305,185
20120,320
7833,135
30363,210
24220,760
1693,353
5790,245
1696,114
28272,171
3746,260
7845,306
26380,84
5800,246
16042,143
32429,418
26287,102
28336,437
11954,348
22197,405
1718,177
10185,266
3768,221
20154,391
5819,258
14282,598
17696,672
29177,185
5828,155
30412,502
16077,92
16079,84
24274,414
11990,187
8131,178
27200,351
13220,554
20188,280
3808,296
4048,296
18146,580
20195,212
27405,317
3813,234
31565,208
7912,350
26351,544
1776,578
22259,729
20212,165
24310,430
16121,189
16125,143
5887,324
30464,365
28419,748
26377,90
30475,178
6211,116
17538,173
29656,172
12050,408
30483,161
11858,220
12590,216
24343,330
28440,213
20249,458
10013,1469
16158,322
14518,302
15956,489
30497,247
28451,139
28452,300
21889,177
18218,502
5933,490
3886,705
1840,474
30514,131
20275,377
26420,281
30517,142
30518,79
3902,452
16196,313
30533,212
24390,184
26439,258
5964,281
12109,296
17037,309
18256,217
16211,208
8022,152
14168,943
20313,250
20314,107
28507,526
8028,97
14174,204
367,153
24419,283
30566,327
24423,133
12270,184
8045,311
16238,509
22383,858
6002,357
20342,238
16247,210
32633,224
23006,485
24449,362
25579,284
18308,488
30358,264
12170,328
6807,232
8076,534
13908,156
1347,229
26517,540
8090,123
22427,420
24477,469
14239,186
26608,77
12194,374
26531,205
16292,383
1961,685
6058,534
30635,278
20398,257
6063,368
10160,1059
32689,333
24499,180
8116,382
12214,398
8125,64
8126,52
7431,139
32705,232
32706,170
4035,890
18372,360
16328,354
18377,99
18378,107
20427,425
26574,364
20431,100
20432,134
26581,192
8150,259
22488,540
28634,1003
23888,397
22500,75
24555,274
4076,277
12269,522
20462,240
26607,285
18416,172
30705,739
30764,103
26612,62
14325,326
22518,308
4087,217
32765,631
22527,65
14337,402
16386,292
28331,290
30726,493
10241,496
22539,448
20492,214
10255,128
18448,255
2065,445
2066,64
18453,237
26649,380
18459,107
24606,672
10272,401
29019,376
28709,577
2087,339
2088,56
24619,157
30765,376
2094,104
18479,363
6195,528
18485,228
16438,307
14392,304
26682,495
30781,304
2110,197
30786,120
6211,264
10308,544
6215,122
73,1067
20555,397
30554,138
26701,202
82,182
8547,131
24660,161
10325,255
2134,411
10937,275
3087,527
12381,1451
2142,121
20577,294
26726,174
16401,223
16743,487
20591,259
12400,158
12402,122
6259,356
26302,252
120,200
22650,821
8315,324
2069,122
16513,651
30851,313
22660,92
28807,540
8328,170
20619,218
12431,223
12433,71
4242,1202
10916,126
12436,241
149,341
16534,413
8343,122
6298,361
18587,817
24732,331
26781,509
26782,206
28111,237
30882,323
2212,499
12453,228
20650,519
18605,191
22703,517
8369,198
12467,319
181,263
6327,280
22712,106
30905,263
10429,596
190,213
15282,372
6336,347
14533,1208
2249,288
4301,359
22734,367
24784,257
30929,306
4306,399
4307,467
28884,90
9934,499
28887,92
17670,660
231,586
6378,370
28907,106
2292,286
18677,668
8439,623
10488,472
12538,545
24827,257
24828,57
26882,787
28931,349
24836,110
10502,242
265,261
10509,190
14381,388
28947,164
14382,69
8470,387
27157,438
28952,104
20762,763
2331,389
7458,180
20765,171
17672,65
31007,566
8193,238
16677,586
26920,302
16682,92
28973,328
26929,204
2354,395
2355,161
26932,191
26334,229
16696,140
315,309
6460,165
31037,315
31038,76
22852,664
20807,377
24905,472
12618,550
31051,217
22863,173
12626,70
8531,472
12628,130
2391,327
29881,383
10587,663
31069,152
12638,393
31120,43
14690,1041
10595,162
18788,930
6501,475
31079,228
10983,240
24942,328
26993,686
2418,332
29046,366
26345,188
6520,257
2432,129
22915,486
27014,294
2442,262
12695,359
31117,370
8590,310
10640,343
31123,117
4503,1103
18840,477
18159,89
8605,299
10654,250
7911,166
14758,430
12711,208
31145,255
12714,94
9766,419
31150,162
15773,257
6576,471
8625,184
22963,359
438,545
24649,172
20920,867
15183,180
29117,406
8639,186
16832,531
12737,255
25576,160
8267,672
29124,170
10694,213
3834,734
16843,119
20940,310
12750,286
30797,232
6608,294
22993,385
29138,205
14803,486
977,364
26271,571
2525,523
31205,475
6630,336
487,465
20970,409
6635,182
20974,390
2671,168
27126,656
16889,303
31227,428
509,212
25086,389
4608,759
18947,915
18948,84
10758,205
29192,443
27500,309
23050,736
1111,495
23052,189
4621,202
2574,401
23640,260
16914,283
6675,524
8724,724
25109,287
154,153
27159,334
14875,303
18973,238
12835,355
25126,276
740,116
2141,102
29233,421
8627,83
6711,303
14907,251
572,539
19006,121
16960,522
29250,119
19011,309
6724,275
16968,58
10828,573
14928,280
16977,212
19026,314
29267,157
23124,675
10681,278
16984,156
7268,232
25178,398
29277,249
8799,513
2661,712
4715,249
16592,547
27367,471
8816,159
23153,353
4724,210
8821,137
9773,106
31363,902
21124,1069
13078,92
646,595
29320,399
21130,417
11683,105
9325,318
657,89
25027,664
8853,391
8855,195
10908,579
24346,89
12959,859
27296,372
673,97
31394,233
17059,624
31396,128
6842,45
32047,66
17070,137
688,198
2741,235
4790,747
6839,705
30665,158
25273,739
15034,694
29373,358
25279,191
1824,314
19139,852
31429,361
29382,143
8338,259
6862,335
16362,108
4817,300
725,413
5207,652
2779,258
13020,401
20602,207
10974,475
17122,521
15075,491
13028,171
13094,208
31463,386
31464,149
25321,304
6890,244
747,242
19180,301
23280,907
8945,676
29427,305
29433,65
27386,373
19583,335
15102,260
2815,509
29440,254
6845,92
27395,184
25349,65
24705,529
32555,269
29452,229
25358,128
31505,507
2834,191
13076,365
15126,224
23320,453
24708,138
17178,401
27422,260
13087,247
5073,375
2851,244
17188,202
8997,473
19238,434
29483,282
11054,684
6406,274
5960,532
4913,702
818,507
32563,271
2869,256
3209,371
25404,398
16181,145
13122,420
25033,127
31557,465
23692,137
15179,496
15181,82
31566,311
27471,365
17232,414
27473,91
29523,341
17239,135
21338,1205
13147,349
7006,315
21343,155
7008,63
4961,373
25442,386
31206,87
7015,209
11112,534
9066,665
9067,55
19308,745
19602,267
7997,320
15646,176
17555,106
27654,706
9078,175
27511,259
23419,867
9084,195
2538,227
9086,244
25471,388
25944,485
29163,182
17287,495
29578,506
11148,402
31630,729
306,576
29593,212
21402,177
24047,167
29596,123
13213,620
25502,257
29851,308
11172,266
17323,361
940,587
7085,107
21422,422
8349,239
24079,380
29617,279
29618,197
7094,181
30203,436
5051,551
3004,703
13245,162
17345,298
30539,220
17349,114
27591,462
2893,253
27601,103
13267,345
25422,168
25558,477
985,139
21467,536
15326,365
13279,242
17377,306
994,180
9723,405
9191,635
19432,689
17385,291
13290,394
19435,146
9199,276
12104,210
13297,464
11250,310
12798,326
23543,867
29689,653
8149,106
23547,147
31063,112
15363,536
23556,89
9221,162
23698,166
23559,106
11272,260
5130,459
1036,447
5293,512
27664,381
9233,220
19474,444
14851,381
23574,187
26457,206
7193,442
29722,440
21531,567
9245,247
26904,193
5627,497
23728,340
3106,207
25639,546
1066,185
23595,216
25646,153
9265,261
1075,247
31797,957
19513,225
11327,476
3138,450
11331,137
3141,70
650,150
27489,146
3146,102
7245,463
21583,231
9297,243
30452,234
3159,243
17496,781
11354,459
866,330
19552,102
5220,139
15461,628
25702,524
29799,393
7272,178
29202,118
5309,242
7281,179
4675,430
23667,295
24766,368
9338,131
5311,106
9340,81
14186,112
29823,158
9345,124
1154,557
31878,467
5257,303
23690,370
21644,679
25453,176
17552,329
13848,129
15506,375
19603,144
9367,299
31898,285
3227,308
17564,220
9373,217
185,169
29856,118
12827,165
3236,343
3239,174
7337,604
11436,556
27821,1068
17582,281
25117,106
19632,368
17498,75
13497,1233
13501,126
21695,549
27842,379
21700,68
7369,299
21706,217
31947,562
19663,241
6691,91
25812,900
3286,451
7384,293
25817,120
25822,104
13275,129
22736,279
1574,873
19689,217
8174,286
11499,439
13548,382
5357,220
5361,85
28883,741
19546,370
25846,196
7415,304
5332,282
25343,368
5376,153
8064,104
7426,142
19716,313
29957,671
11526,300
23816,338
15625,1069
17674,198
1293,1174
25871,130
9490,301
15635,136
7447,134
10750,365
23838,305
27938,690
17700,283
29990,440
25895,339
9514,289
4999,261
32044,748
25903,152
23856,378
19762,570
3380,768
23862,309
1336,521
17722,388
14178,327
27966,323
15679,192
5440,754
19779,213
7492,560
11589,443
32072,626
7052,247
32074,450
3404,283
19790,207
5456,248
15697,407
3410,96
15700,168
15246,494
30038,182
9560,488
13658,846
25947,107
19807,385
28560,74
25954,376
30054,238
3433,197
7533,319
13680,258
21874,581
11636,449
15737,479
3451,185
28565,77
3458,55
3461,78
5510,349
30088,324
1420,449
2093,125
1422,190
23789,290
9617,472
1427,280
21401,401
22882,218
3484,284
11677,371
17822,773
6043,285
7588,222
28070,560
28078,248
11695,322
9648,266
15795,253
17845,289
7609,230
30139,311
28093,126
13759,625
13760,160
6911,262
19914,753
9463,763
9679,164
10347,305
3540,562
15829,234
24022,897
9465,88
21978,626
24486,290
19951,282
28145,395
5618,768
15864,113
3579,317
7075,217
15871,126
13824,439
17921,486
22019,284
31660,340
32266,984
3595,256
32269,111
19983,434
15888,449
30226,292
24835,150
28180,413
7144,525
24086,206
28183,290
3608,425
17945,394
30236,239
7709,333
13856,215
11809,812
25862,244
22054,365
11815,163
32297,193
32298,149
13234,372
26161,1141
32307,202
9780,159
24123,217
15932,399
30270,358
17509,220
9800,170
1610,427
30283,88
1612,175
15950,92
11856,328
15955,259
22100,169
4703,121
30296,139
28249,501
13914,487
20066,684
30651,459
20068,286
13927,122
32360,497
24173,89
7792,499
24168,297
7796,82
22135,410
30328,239
21673,220
15995,207
15997,137
29244,67
7809,137
1667,268
3719,821
7816,134
13961,161
2306,257
1676,240
13967,64
18065,756
17347,63
13972,108
30358,409
9880,539
18073,181
22171,194
13980,170
24858,256
28319,275
1697,245
7842,187
13988,161
15985,280
11944,766
30378,168
13995,193
11948,191
7854,221
1713,265
24243,706
16052,244
11957,289
10185,306
7695,696
5822,1354
14015,509
32449,811
18114,543
32451,108
14022,125
16074,329
1740,386
21794,577
7886,580
16080,94
26324,292
5017,377
18138,333
9947,162
16092,196
30430,426
32483,330
2753,123
877,262
20200,884
24297,485
32722,368
18158,318
5871,280
14064,356
24305,234
26354,170
30675,106
22260,636
18168,227
26362,296
24315,181
1789,531
28415,787
20226,439
30468,369
7942,352
28289,201
16138,500
32524,468
16141,103
13269,55
18404,406
16150,112
28439,321
24344,298
14105,274
5914,534
7963,311
12819,341
10015,697
16160,218
3875,533
27270,562
7974,195
6449,225
25566,180
22313,546
5931,201
1837,239
22321,405
16179,244
12085,1077
32568,151
30524,403
16189,145
3907,371
24388,375
18245,680
16199,209
10056,314
28300,114
14154,560
26443,575
11234,417
27277,70
3923,203
1876,384
10071,143
12121,198
12122,137
8030,280
10081,262
18274,347
32612,414
14181,66
14183,62
28522,578
32620,173
26479,275
30577,464
24434,257
8051,246
14196,149
21822,231
8056,78
32635,209
18301,152
16256,672
12161,650
132,207
25579,109
24452,445
8069,107
28554,433
28556,62
6029,414
31366,110
26605,97
14224,146
18323,388
8085,163
22169,566
1946,579
18331,166
3996,687
20387,1102
8094,252
4000,143
26531,411
28582,454
20391,94
20394,86
10157,693
26544,252
18358,331
24504,205
32697,576
20410,157
16031,275
18364,143
21834,228
8126,329
14272,471
6082,412
4037,512
8134,117
4041,89
1996,550
24525,186
1998,194
6965,215
30019,202
8146,206
2723,456
16341,594
12751,181
25593,253
29800,90
16346,77
6107,368
7162,154
4063,468
20450,399
6116,262
16359,127
24552,398
6955,381
22506,1405
16039,111
26604,573
18413,91
30702,339
14319,392
30376,386
26612,122
8181,179
20470,417
20473,116
28666,618
18429,182
30724,299
11,200
22540,474
4092,695
22542,181
685,392
26640,273
4113,255
4116,84
4119,165
18457,687
14363,128
10270,108
14369,175
30762,357
18476,184
2093,671
26671,689
28722,116
5470,468
2740,199
14394,274
28731,157
10300,227
9909,373
8203,355
12356,631
14405,219
2118,347
9004,87
26696,326
7180,410
4171,434
6220,855
30797,457
10319,564
18514,117
16467,817
4180,87
3086,246
18518,207
26711,497
12376,249
12377,156
4193,167
26722,665
4095,162
30825,260
4203,219
3345,175
25645,545
1231,346
30832,239
28785,440
14450,166
18548,198
24694,688
4217,282
3377,66
24700,191
14462,179
28800,169
18561,71
11802,95
20612,1289
28809,282
10263,254
2413,355
2192,532
145,371
12435,504
18580,232
16538,400
8347,706
2204,229
6303,755
23920,107
20644,327
6309,86
16550,242
18602,490
18603,60
8365,290
18606,73
5149,567
30898,439
22707,536
6324,368
2229,340
8374,111
6327,107
28856,246
30068,586
12474,287
7598,141
24764,737
8381,167
191,509
20675,351
16580,177
10273,83
4296,820
375,695
205,117
28878,215
207,194
208,156
13688,153
28884,144
2262,207
16602,499
24798,445
27685,83
18128,279
30947,388
22757,274
20713,294
4333,321
16623,99
12528,452
30964,187
3486,164
29737,694
28920,412
24828,235
16637,280
254,618
30977,208
14594,697
21889,387
10284,292
21899,80
18700,762
20749,479
2318,361
22799,479
4369,429
2322,142
22804,174
4373,98
6422,895
8580,355
24858,392
28719,447
2333,80
20766,157
24965,309
12576,418
27696,275
9606,153
2343,89
11254,127
2346,90
31019,263
23602,290
8494,327
25447,228
31028,167
7902,225
16694,467
10551,1213
28987,491
8508,203
21898,178
4419,101
20804,227
31045,194
29062,154
14663,705
20809,160
8522,63
23607,289
2381,327
8527,193
20816,144
30436,346
4442,636
16583,170
22880,548
14689,232
29028,248
10597,263
26982,1410
26989,129
24942,569
29950,268
29047,423
12666,704
16763,574
14741,483
20865,378
386,207
5867,782
10628,267
29061,341
2438,301
17815,181
22654,321
20881,306
27029,371
24985,252
31129,276
22939,597
14748,237
16799,377
17136,204
6555,783
18853,1040
26201,613
12715,422
432,307
8626,547
32499,212
8628,240
18869,274
29111,414
18872,169
25019,356
16828,355
27070,571
5167,219
448,268
9632,175
16834,95
27041,200
16842,202
2507,676
27090,232
27043,171
10709,465
470,189
2809,183
27727,140
1786,624
29151,592
20960,644
20965,178
10727,162
29160,464
493,160
16878,302
495,134
31217,547
21587,117
14837,454
18934,132
2551,363
14840,128
25088,594
20271,238
520,418
31241,347
25687,169
18956,219
18957,95
16910,294
8719,570
21008,358
22616,637
21934,274
21014,177
14876,155
2821,212
27168,497
10672,341
10786,252
8742,159
6696,715
18986,337
12843,673
2604,405
12089,367
23087,990
31286,439
31289,107
14906,469
14907,265
12861,178
27229,422
21055,278
18500,276
21057,119
2627,217
19014,370
1121,272
21066,213
12727,388
16482,233
2638,214
10832,532
6737,414
21092,286
25934,367
2647,93
4697,1213
11023,345
30026,76
31325,339
7658,135
10851,180
19044,345
17006,364
27250,415
2676,314
13343,150
21609,151
8824,92
4731,145
5909,357
31360,379
8836,113
6791,555
23176,244
16934,256
25229,1009
21135,463
12944,629
12946,120
15775,247
25238,194
10903,358
664,858
25241,230
10911,214
2720,368
9328,629
21156,307
113,583
29352,219
29353,154
31402,378
19115,596
21165,225
15023,892
12979,602
31412,192
23,176
31417,122
8892,301
27082,71
27328,537
2762,331
4811,508
4812,195
25294,514
17141,67
25305,105
31450,209
13671,184
17118,758
17120,88
737,441
738,127
27367,243
25322,244
10987,428
2799,257
6896,787
19186,730
6901,175
31478,225
8953,462
15098,644
17147,203
17149,93
25344,419
13059,513
15109,166
17158,245
775,574
28460,71
26071,475
31502,254
15119,302
29459,569
4884,473
21271,357
27419,308
11036,138
21849,255
8993,387
27428,158
8998,74
2855,348
27433,138
11051,305
29484,322
11053,97
19933,224
11944,179
6962,597
31541,356
25403,442
19260,828
11069,357
25406,59
25407,118
31552,247
17895,323
841,544
21322,316
22327,301
9439,72
13135,741
27472,200
2903,504
4954,561
865,157
867,148
19301,575
9361,289
2921,213
21991,463
17260,691
27453,400
13169,407
31602,270
14483,386
7029,439
11127,491
15224,816
12436,144
15226,125
28479,307
15228,259
19946,286
21443,237
11413,194
21312,373
23426,1412
29573,290
32491,92
30,124
23438,285
5008,251
7060,355
17301,567
922,308
21403,770
28485,114
27554,756
17315,327
28486,98
11175,251
936,101
2986,399
1181,259
25520,852
29619,528
11190,211
9033,417
19956,154
2207,111
956,390
18250,357
29631,266
9152,509
5059,270
21446,157
5064,113
7119,339
27600,383
7121,169
15315,439
15317,170
25558,318
25561,246
5085,215
11230,334
23521,521
13282,758
1531,77
31720,780
11243,114
1005,407
30708,103
32169,156
13297,129
23902,166
1534,179
3062,593
9207,473
27644,344
19454,971
21503,637
21506,52
1027,187
21511,262
15368,479
9228,309
31758,375
31759,136
15380,370
23574,574
17431,889
13340,222
17437,229
17152,234
3103,143
11296,349
27684,489
9253,281
21585,670
23592,93
1065,454
7210,437
19499,573
18610,181
11310,355
19503,152
31792,441
13362,359
30899,161
31796,143
31797,154
19511,157
16564,101
29756,334
1087,355
27719,207
25539,195
25677,333
31975,127
11789,177
5201,247
29539,383
23637,392
7255,413
31834,357
3169,845
1211,98
17509,411
5224,560
22716,254
31591,436
29805,308
13422,418
19568,356
7282,343
9333,155
27766,454
4969,131
31864,322
31865,80
19581,130
14291,248
19583,206
15488,760
25730,436
9067,274
11397,645
1158,551
28817,182
5258,338
1163,109
5260,77
27789,324
5262,71
11407,95
11408,63
11409,97
18929,330
21653,472
11415,241
5273,232
13467,126
3228,589
17565,717
7330,474
15523,439
31909,226
25681,136
2929,192
29864,591
19627,616
13484,156
15538,235
1205,320
9792,543
11807,181
2933,184
17601,251
19651,213
3268,419
9415,549
25800,708
15562,164
13515,316
21709,592
27855,577
23765,1056
29910,414
7375,349
9438,235
26149,376
31968,582
31969,45
31970,64
19683,176
17636,387
5349,597
9447,311
29929,110
5355,149
17651,142
29940,72
25847,552
27896,482
31994,264
15612,446
27178,282
1278,563
23810,300
11524,564
3333,637
32011,266
19724,469
32013,89
11537,272
1066,60
32020,281
21781,590
3356,128
8410,301
901,377
13600,659
3362,74
7461,709
5414,516
14215,159
23852,382
3374,136
3376,60
6024,681
15666,690
3387,121
9536,571
7490,261
30020,110
14434,194
30023,61
11592,516
11593,101
21834,258
17739,509
32078,358
25935,90
30034,106
13457,236
15705,258
15707,95
23900,522
19806,669
7520,328
7739,532
11623,247
23912,138
23915,83
3439,460
1392,577
25969,354
3442,161
1395,178
25972,181
15733,327
19832,330
9594,556
23933,285
11648,326
20032,302
17794,590
28007,1053
3462,361
13704,377
3465,93
9610,112
1943,334
17804,167
15760,326
13662,570
12185,789
5018,193
30110,433
30111,71
32160,373
30114,211
12187,118
9800,100
28073,511
7596,726
26029,471
28078,189
3503,303
1457,765
5363,97
2244,271
5562,864
19899,618
11713,573
5572,170
17864,297
28106,365
5367,128
11725,188
29919,93
9679,543
5368,108
18327,189
32215,555
26074,203
24028,260
19706,271
28126,295
3552,470
7649,454
11747,369
24036,271
13799,736
21259,702
15849,641
16349,277
935,168
21998,206
31997,98
9712,287
23919,129
5620,352
13813,244
6740,138
1530,469
2915,92
15870,225
30208,712
11777,227
7682,125
30635,518
10744,215
17032,252
24077,362
3598,434
30227,101
11797,196
15894,294
8793,502
3609,91
28186,435
14255,514
28189,104
17669,282
3617,271
28197,268
5672,569
30249,325
1578,285
20011,621
13450,306
10845,266
13872,494
1587,163
24116,500
24118,101
22072,493
1594,197
15931,497
17980,780
3647,308
28224,268
3650,277
11843,532
20038,210
20039,104
30280,374
7755,172
17998,185
14605,124
24145,482
26309,304
27235,143
28245,192
7766,173
23140,569
28252,126
22109,330
28254,150
7775,162
30306,217
7779,121
18021,227
18705,366
7785,100
30314,156
20075,197
8466,141
22126,207
10235,341
9845,359
1654,422
26232,169
6329,262
7805,160
22143,180
28294,321
28295,107
26249,151
30347,310
1678,286
9873,393
13970,742
11923,718
31085,545
26268,322
5790,826
22175,354
13984,248
21629,146
20130,251
32419,1117
32420,175
26277,156
22183,178
20136,111
11945,88
28330,454
7852,532
23154,342
24239,637
26280,122
18099,517
22196,277
3765,1013
11965,464
1727,624
3776,161
22221,299
30404,547
4726,194
31882,158
9931,411
25890,333
20176,538
8446,340
7891,371
16084,898
14037,439
3804,299
23995,610
26334,257
11557,255
7219,296
20194,250
32484,630
32485,62
3818,345
18155,352
24301,613
12266,166
9971,404
18166,214
14074,335
14076,173
14077,161
5077,183
20226,320
30470,381
27338,128
29996,441
30474,66
9997,365
30481,226
12053,589
28438,586
10013,232
22308,647
20263,250
28636,760
28458,233
5932,431
5935,272
12080,293
3889,591
14131,519
28468,102
7990,742
18231,406
16184,715
24377,578
4767,376
26429,755
10046,389
1855,446
32576,554
8003,434
24388,229
4406,253
20294,512
14154,188
26443,225
28495,164
1872,355
16215,318
28506,262
23590,152
28508,262
30557,764
1681,133
14185,265
22378,406
26599,490
23186,443
14190,108
1907,231
1909,129
22391,109
20347,323
32637,441
3967,774
16257,402
13291,201
3972,91
29334,941
22406,179
26503,394
16264,153
18477,124
3984,333
18322,512
8857,416
24473,628
32666,183
20379,575
26320,247
3997,338
30704,157
26530,350
22436,376
32117,751
6056,320
10153,729
8519,154
15682,149
6063,209
24496,270
24498,90
12211,308
18356,400
26549,418
14864,224
1975,364
23540,128
22459,283
14268,117
31110,263
10174,279
8864,287
30660,343
16325,460
30665,66
32718,367
24529,350
30674,85
13987,158
16341,391
6105,453
22492,276
22493,127
28641,98
30691,300
10212,341
12263,475
8168,867
2025,394
2026,154
2727,76
32752,502
5800,333
20468,592
12278,86
28664,312
11263,305
12284,296
14333,568
26622,154
24575,494
