Node,Load of node by requests
177930860409696755468510424812902573273834172392,151
109513541981216195109718523322634846590334334757,88
169079119506570272290403385448342606860027702722,80
1305497406949816513237344012310093932382931802197,59
795910252033611394486338441114321811082335925564,29
1290888754344541582047425973331255928203841759405,370
1250257369049711136631546334103156294560466815344,7
940830584241931987408605276407839623123964056793,26
789467140078684222983393608328660808355570769990,153
1148149122570035767520693738853725509960305873466,155
382742373396837804688734864956690377881037755570,71
1156903445233250573116094457048186282391753529798,88
818146567398887006072940021307273678989700763646,271
468920879942274766205577510463937153811044242845,300
978918652142301274700773107176695590056602892642,218
1092265485492365711167446566354365533715676370683,72
845227041663223060569962388012081452878760171124,200
1373383911483474672284001440573859839584289933148,473
120958476708087184133135665814739611810366032248,76
1253942532128418349053456962946578068667574769045,30
1204479157611069014089125421698176110343051120457,176
343124236514637460438393402779294391209385291164,89
1049295095865970186344470676591799073054084472752,337
90438665810311418986714705496924844091132763062,111
1111539639002202604118556253572277868236216014416,63
1327503958575975570402332665129356158922296074538,37
989857547156262993082376093157928510855806493921,41
59103135334927638912941273530793753503654751684,28
194989628204711939414359323502276363468125831421,48
202897773785631436698914380404295983678465966206,12
901595997471383708618450953831668248674607724950,262
496994377180161655556430581009728144065142670406,131
692987300262903134211832668577212638882881090691,260
31539593964567233335619654071773178771802853197,69
142823603966426826101297947932179779612491330526,35
1168498623297279042502849366774776072634481319466,83
7580974518315944717832416278277968053653070953,61
1222101427118806294787029931999674603206828995702,19
828918408433001081471357667609229795302203017431,99
1132376425922124123207170652222785919789651335031,29
745993580403807756970623681870823131826836196888,58
377501915552123148033812900840468790739914516817,118
647526984405404345474414347137910714982302093437,534
565460715416784045889271107689118630166457334264,73
261191272736232625933821164317892434708973836024,84
1219003032450282169586817440419966479549249074368,6
1242035292027172866093877370962356016804268415743,8
1449390094104955105871470009978437349401158744212,185
1177365557494898196301549176116160251760398684574,57
870892406325030652129289424707728109377589014238,77
708847988973641471592488940500235950450514049078,488
865347825615156232702217492283865323272201823555,282
67686302772738819352437319596503288970428348023,87
410190684495508471285601788458054062327641389731,186
1102679543679949907203824436751566277007686979685,111
759209668822850361489201003009089217847401793577,47
128818846033068152629108872529302314875073541667,119
476505899138035716175341251610351043747410119318,93
436568244101817340305425469110871434527554410170,90
1223662214927120119849121735269772566024894057148,81
192486859074430122483437973352247948117525639810,153
47229024597746323229815515872701325504943040355,73
454601697762849867749843053029158608472805320217,58
1018222305725090789006311491635566087302190367752,167
165012222753044190365444761722700845257749850159,98
320605136104187640717010272753363256976125507157,123
841369609979063432970838711516247423518172467728,70
1440054018764718668118760497688881209617688701672,120
942008694028914152667223913793345489955182252588,60
1080265112172385412081817285473285735759740734758,368
771678728493871486042943630675680914861520948905,32
964934948097446779989480181116694408723032138111,61
15060763139325989730545709531725960901192234494,81
503770581639413157400399865864044861251991175896,67
805506198095165102468905832700419916395561302749,326
1280573308902204560149937185618738958676909657476,302
8248924208951019419226688772700707581323982096,44
229455627977456926110063350607673309996168885394,127
34735999371474712859250081804873521680779899685,68
290699908072287313567333299768323240406006011982,97
1163302336250722602347375014972695273094618352740,57
1336665875090283398186332285504474176643669490594,447
655866892790888518962383805044498982945676909270,131
1142579925654919626785555742015343528520509980010,99
815137380076189480299178254623142588515578827965,110
51613622059996442956193817139253622751445513969,73
387335134205753755797156300743401615178755304577,156
24075932463383357746834832469430192051098513157,49
564219946642269790794157860521429585163865480454,246
1386457605080477850232003599319811241276709027966,89
1367218296642222712251326622829694413634110676735,83
577329371449094933644616151775379936130101891598,82
939225452159512734219076401651153098319877763971,49
1187926271077114637762859074958727628932224183312,73
1122828709991982092859961357983664356561797175547,201
359718124106229864956296253865000425987093743374,61
526430182169526339675179283881836124767865289586,361
307104003664129160728880335381202350236043532290,90
189214487943828122166635349244220272567076197026,121
1387843886878721794385032674360906386252706517900,45
1327076225632474232852452754331306464547118013474,73
1268273865956116574426068559221252665879195584698,150
988359008782857319990579277705959753159265788512,88
1006974545447956839710404742716570583430368191535,219
1124815558831718756158272421218855524243160555906,148
584460089107234717727485173512912477994124109499,287
895847246202525509398984953470049820621238050209,19
110019998790694568894101897686633376034940703885,99
660119546812915879069884214646379024460574092695,79
1143578424029827887352999986724104081718438785087,35
837369060453725046877808651687956562874940707738,215
558159281297186541019889458853767585730750381720,34
261523335965723423194243186299237558478502827471,41
802472841360521190273657274950589447271713130347,182
928387904479239078164932547533027844431393451884,210
1198523219230741705254570592588003625102545547832,98
1089123393293647396748010519634196224994082721983,331
266238960449305366652244655036391480051304553366,74
808161458016026892546135091881916752759290109563,130
963825729000461496183169929185059514754090047451,90
648935707044116485629737714242557211668207428228,32
498035456095265673174694981733577265250546349410,74
766384213759842927797119195041414279646510251901,255
397089032403642357840483329672209805381177186064,17
134921196834846518713584291055914419225744297625,87
1407600238577213680385247375834672486481908299849,167
537802312638434383079880761505190480916430490714,83
2126940781769819909458280802703055450022597930,101
46750124318080436939761750388916091925606386408,75
1431989237389838399098808900672365508821671169488,11
365319293056772844093212870336998577533715308139,147
973362831711208977149618599289030238384862464819,98
28711718327809745246126764532353615458600460123,68
529382935524177696940091899677096105594409597947,339
220379415665474778332266063467225720077426776482,223
601349106977145753368635939239963097446893204782,83
451629634585204949228259661902136843068201968112,108
1026247834330355141927320984692686194601235173741,157
694931382075890394865976857483701204191287585471,172
95034774050094751719341330525280395719924542792,369
1297916444688740146420125722735211976861333728802,95
946275280941011373000968723220083628899443741293,60
838943114224234446790465223448128372667055498511,72
30766781145523338621526857517814331679520061834,43
983775533652079604115962426523740145737020884284,85
241134612921841795513030327847257682123212160073,93
1041401661953322169247135230154274807162323498489,260
813573154037781042847799644264708125753765909078,91
1321716302468990135787195389939019166716386664853,83
744523069295811540280432777050625019134138944120,62
184651781666178781798117495587775329638877837836,84
1354582248371692839713806088712954555611034356747,122
653836049254866789997960114774179313072689383887,88
632610130275127664967319922351866131934667153072,9
662521726865819192159189662238110020281970492077,177
529693351682938790143458373167251442061203417005,53
778464504360665519559660776554214601196596610070,160
1306588023080715110780772331166915830088801752450,81
237737986811504957156439370575199111608341612283,243
831391858728283447430345426756890070649534225671,61
1098633793289775875217182263313479097282006296251,214
1130310489257227445499650180373793708587854995958,90
1259407170496455694527541472179050258602535989695,123
1125806437336075318126152719122248192537664535651,49
165404026635101440371372858790425470397478020414,285
144240205557023439573781088189193655815254518925,158
941984181366652340088964033722625349116595770403,76
1166678911378125043260033230229525379137001742577,154
514263236397890645697079067581154790752416674231,168
1455885945662965642552086232572355916183800133774,20
600587144810173503322486334935550749053477488891,71
766216939421130685864787515776313967302813556674,122
1367500525468355796194362122060866525253556063681,188
420317096547407859520331531257398395474982885623,23
818451540540984321721548842985502144647406895699,221
567295358206051388861818650659272075737265774009,99
1050636284463363250667743985627643838603149251265,591
1242858569227154995443235698175046734379772336973,49
474030690505874593885903959031715460931116853659,240
1394561125057681975665837676988696742019626515071,44
363686590230606798012463078731887689213506470883,46
403152774816296104748465757234163964923334378620,146
115234846749487356723799625925566138898793009209,163
298684162957473496261866597946865177091058877025,31
1120716483865338139068241393377524163353187359680,189
731260285157052055491087424638139534238957766993,269
208279751863654011104377377177682855298996052339,98
934143812070049977188481495359522346124928096626,140
266010491980506677242121712874189224682390365090,46
688986634111776447551340886435636918803478034426,83
7081468203137535946429084657846924201361325524,93
960304707433702242732908106617814321842198562388,94
1418494012920120714079988935394449849081960013164,79
349404969895785240296132497629644323134627209706,342
1192117885097152058795241574091081051561519363296,72
876166620489200321126730268084095283739700374802,325
34470188750018270805479962666640229507994731902,88
778196878495727305990238007884272393887126335754,10
342496173354123995199798999748390109511176448139,51
607185793855751842599255479893520685644134542099,90
319625680328097052328398575428543469646015975697,54
863144219024587544173970180066355830032215741686,55
1420674245367649905459122947869919214985634719359,208
1020556735642961232766778660400742235083107144712,119
1219900353219102789755289289117348749528982368842,63
488302824836586767037905026882677685413533609098,72
2339255522556350804768236145962522744593111197,65
870574435454439468273881053534685881649888723375,92
1235431588251481838443152593111443553738091942002,73
197459805743014978868011045703922322402210431946,69
243174421367316239135887005455391063221602148826,70
1127772550084434458075754728208757269410589962878,56
213929086465407622665109765519778225525359409000,94
44153535131575827924585752740494102669234919635,174
739779620163410102012640053916348039835648852704,157
594984349198568885352651678976708517327465931963,76
59790883863798980425392169849236119843267406947,80
674079208791013659992954436318832359427724236096,198
525348006361160673328691240611762180160080284888,132
830217248582820674220076819932703978997573217079,98
1098843585513447183805784284771628691804670198276,166
951161909159428823625970071765762141260608322130,120
972632877042987558571292207179314896295047015139,91
1127859804672824722655105904963255079718854679040,76
388372474236801542132417713182076867217558499116,27
1387831125575355668550496604648063806037347976455,8
305955600840482688037004851265681166642830078361,193
549143347282776547154973385747037815674016582722,141
134404391810212755682790105317390958259992523038,225
1411599090760534729679948787643348749951981652219,125
1060191100443908888536225882236781326454283137921,375
1205230382169398395611734337392813224782736460386,12
411925829248050692340154885529210847901264782768,95
440690493838436377162099983669641314686868189811,91
467419835262060843290841392631281414859459250936,157
687483583828579798794071369167760408378062405064,191
1228577556126358498104304175772972858347033538277,21
254450104604327173155219677618480391922631841731,164
507098285475753400816785730334817295109519404604,34
382905299735756016632412934759718939041403123368,233
1164340103918043569737774031841127697971772431580,64
1330349257420996619394680804124427997712029759104,43
993254725845005999585455946953621115179565972006,240
641304935878597149361073635161742335166883667981,111
1194698888715377644320057984132048416019519542184,237
1254321852292536891275745604832312154275440034719,61
1302453861118075345370283359606497954862921116109,308
195511800854783235596744083889627375719324034922,107
